CTUID,population,median_income,pct_renters,pct_pre1980
5370001.08,2613,77142,0.2245,0.8324
5370001.09,1486,36800,0.1937,0.2862
5370120.02,2437,90514,0.5118,0.1053
5370140.04,3071,96217,0.6953,0.5871
5350420.13,1633,75680,0.2224,0.3038
5350422.03,1730,18000,0.4225,0.4393
5350422.04,6215,53075,0.1861,0.4194
5350422.05,2324,119384,0.2027,0.3301
5350422.06,4986,69390,0.2813,0.0539
5350424.07,1441,98097,0.28,0.6223
5350424.08,6339,49061,0.3137,0.2745
5350804.1,1932,128284,0.5519,0.2854
5350804.11,2984,83967,0.3237,0.2383
5350450.05,5235,96121,0.01,0.2121
5350450.06,1868,153122,0.3224,0.5779
5350573.06,3889,130460,0.2849,0.5495
5350573.07,5255,79416,0.2856,0.38
5350576.16,837,71390,0.312,0.2806
5350576.17,847,78885,0.2763,0.4114
5350585.09,5273,102277,0.2732,0.3133
5350585.1,2223,85054,0.3597,0.2658
5350586.02,5974,76933,0.2095,0.3609
5350516.3,6078,129081,0.1568,0.2206
5350516.31,5806,84802,0.6731,0.3454
5350516.32,6481,152388,0.1869,0.3368
5350520.07,5473,90541,0.293,0.4085
5350520.08,2924,137989,0.0856,0.1886
5350528.32,6454,98005,0.2951,0.4278
5350528.33,2706,114963,0.1587,0.1369
5350528.34,4101,67711,0.2225,0.1969
5350528.35,733,64095,0.4159,0.2048
5350530.01,6283,100872,0.3414,0.107
5350530.02,4132,115679,0.3539,0.4828
5350451.05,6203,89127,0.0497,0.1256
5350451.06,2746,51981,0.5188,0.1742
5350451.07,2516,49913,0.1251,0.526
5350424.09,3729,48040,0.4787,0.1973
5350424.1,5707,38507,0.4128,0.2661
5350424.11,3883,91066,0.3551,0.1178
5350411.07,5296,119501,0.1689,0.4499
5350412.12,1943,87624,0.2997,0.4524
5350412.13,5199,24708,0.2188,0.433
5350411.08,4948,82659,0.2838,0.3968
5350411.09,5898,83442,0.2475,0.3132
5350412.14,1034,146688,0.015,0.2056
5350412.15,2928,47200,0.4258,0.1533
5350411.12,1214,77061,0.2695,0.5322
5350128.04,3020,135764,0.217,0.4377
5350363.06,5101,100599,0.2072,0.1752
5350363.07,4412,103773,0.3266,0.3072
5350378.23,5067,91208,0.1638,0.246
5350378.24,4979,97238,0.01,0.0969
5350400.13,6455,109773,0.3329,0.332
5350400.14,5802,65334,0.3475,0.2252
5350401.17,4100,112586,0.254,0.1285
5350573.09,5779,49556,0.1308,0.0338
5350528.39,977,97194,0.2916,0.0185
5350528.4,4883,93005,0.0896,0.2331
5350528.42,3727,70744,0.1465,0.2847
5350528.43,6249,87365,0.1824,0.1424
5350412.18,3621,70569,0.3897,0.4171
5350576.2,1736,57992,0.2329,0.2882
5350576.22,4899,78099,0.2218,0.4038
5350010.01,6211,57088,0.5341,0.2671
5350010.02,793,97038,0.3258,0.1583
5350400.15,1072,55798,0.3241,0.3205
5350400.16,4535,107935,0.2319,0.0727
5350403.04,3922,54919,0.2025,0.3971
5350403.05,3881,72144,0.01,0.1313
5350403.07,1223,70511,0.4059,0.4653
5350805.09,4018,125104,0.3383,0.2391
5350805.1,3994,97248,0.2567,0.4913
5350631.02,5625,82071,0.2622,0.0979
5350612.15,2962,101964,0.3757,0.178
5370223.1,2717,72273,0.3478,0.7342
5350001.0,1173,86792,0.2033,0.5107
5350002.0,3988,143930,0.1323,0.6
5350003.0,4459,91706,0.5103,0.3074
5350004.0,2328,89902,0.3938,0.6308
5350005.0,4940,103348,0.01,0.2479
5350006.0,6140,113077,0.0832,0.4978
5350009.0,1710,32071,0.2628,0.1304
5350014.0,4021,40895,0.2186,0.3756
5350015.0,4727,93888,0.1078,0.0
5350016.0,807,67983,0.5328,0.0981
5350018.0,1738,124737,0.3206,0.384
5350019.0,2994,79175,0.3417,0.0638
5350020.0,1496,33833,0.19,0.3769
5350021.0,2761,52496,0.3739,0.4632
5350022.0,1554,18000,0.2305,0.2098
5350023.0,5900,81444,0.2432,0.1256
5350024.0,4174,82725,0.3594,0.2146
5350025.0,2609,76115,0.0682,0.1262
5350026.0,5216,118209,0.4876,0.2818
5350027.0,806,121559,0.3037,0.3184
5350029.0,4161,83229,0.4465,0.2449
5350030.0,4663,28229,0.1402,0.6014
5350031.0,5394,105284,0.16,0.1705
5350032.0,1989,103550,0.129,0.5505
5350033.0,4130,96663,0.3125,0.1126
5350035.0,5152,115481,0.2886,0.3131
5350036.0,5324,55385,0.2196,0.513
5350037.0,1718,144245,0.1482,0.5036
5350038.0,6363,61136,0.1153,0.2244
5350039.0,2288,108978,0.2737,0.3999
5350040.0,2967,40754,0.2195,0.3758
5350041.0,1813,61953,0.1909,0.2028
5350042.0,1569,130458,0.4811,0.4109
5350043.0,2181,80695,0.2693,0.6352
5350045.0,1485,111518,0.4451,0.3849
5350046.0,4950,94635,0.2107,0.4019
5350048.0,4165,85061,0.3118,0.421
5350049.0,2962,126188,0.2728,0.037
5350051.0,3873,81374,0.0593,0.3828
5350052.0,4204,38139,0.4657,0.117
5350053.0,1768,65509,0.2624,0.1938
5350054.0,2422,103433,0.377,0.6891
5350055.0,5816,99074,0.1822,0.2544
5350056.0,770,44122,0.2586,0.1668
5350057.0,6249,67718,0.1673,0.5075
5350058.0,6292,71712,0.4407,0.1294
5350059.0,2168,77767,0.3205,0.2195
5350060.0,2560,49474,0.3277,0.5248
5350061.0,1899,70406,0.4566,0.3077
5350064.0,3951,67599,0.4303,0.0189
5350066.0,1940,109603,0.3795,0.3979
5350067.0,5285,110655,0.0952,0.2286
5350068.0,2947,83917,0.1896,0.5772
5350069.0,6311,77023,0.1495,0.1909
5350070.0,5648,91918,0.3746,0.4892
5350071.0,3027,65136,0.3022,0.6196
5350073.0,4156,55889,0.0992,0.1468
5350074.0,841,61674,0.2555,0.2652
5350075.0,1091,70225,0.0858,0.37
5350076.0,3634,55423,0.2731,0.1457
5350077.0,3443,92538,0.0648,0.3487
5350078.0,3010,108432,0.3487,0.2595
5350079.0,1223,43561,0.3291,0.2559
5350081.0,5571,88704,0.528,0.3088
5350082.0,3056,81842,0.3902,0.3128
5350083.0,3426,97562,0.225,0.3295
5350084.0,3040,87638,0.3863,0.1922
5350085.0,3584,47299,0.0983,0.2001
5350086.0,4460,52653,0.1549,0.2787
5350087.0,5131,88824,0.3233,0.2919
5350088.0,3886,116806,0.01,0.221
5350089.0,1662,26003,0.2752,0.3583
5350090.0,5773,97680,0.1474,0.0
5350092.0,2350,121309,0.2932,0.1685
5350093.0,794,83715,0.1399,0.2496
5350094.0,926,103406,0.3352,0.1459
5350095.0,5189,68314,0.2825,0.5933
5350098.0,2944,84658,0.462,0.3034
5350099.0,831,42614,0.2809,0.3318
5350100.0,5406,22358,0.1801,0.213
5350101.0,2464,114397,0.2479,0.2972
5350103.0,6372,60420,0.1052,0.0813
5350104.0,5802,75245,0.3328,0.2694
5350105.0,979,49180,0.3567,0.1313
5350106.0,4704,48521,0.601,0.2501
5350107.0,4198,83133,0.1992,0.0
5350108.0,1697,67572,0.2452,0.097
5350109.0,2689,98583,0.2052,0.5635
5350110.0,3546,100671,0.3076,0.4495
5350111.0,1547,96984,0.3296,0.5374
5350112.0,4887,94681,0.2731,0.5498
5350113.0,2308,132178,0.4212,0.4211
5350114.0,6136,58107,0.1998,0.2185
5350115.0,5349,86462,0.4082,0.1133
5350116.0,4379,119715,0.35,0.5064
5350117.0,1394,123407,0.2784,0.3116
5350118.0,843,48191,0.2391,0.7489
5350119.0,1546,79254,0.5955,0.2343
5350120.0,3598,126027,0.1738,0.6551
5350121.0,5231,102226,0.3187,0.2718
5350122.0,1587,93467,0.1825,0.5405
5350123.0,4802,81905,0.5121,0.6054
5350124.0,977,77254,0.3953,0.1159
5350125.0,2240,96070,0.1918,0.2127
5350126.0,4171,80934,0.3466,0.1141
5350127.0,5504,86808,0.3135,0.0786
5350129.0,5206,90201,0.2128,0.4201
5350130.0,3789,69014,0.3786,0.2646
5350131.0,909,102900,0.3306,0.3094
5350132.0,2401,169599,0.308,0.4001
5350133.0,5244,38244,0.2746,0.0
5350134.0,1171,97072,0.336,0.5316
5350135.0,4797,66715,0.3098,0.2372
5350137.0,4782,104167,0.2877,0.3958
5350138.0,5061,89304,0.1967,0.4117
5350140.0,1959,109332,0.5002,0.5467
5350142.0,2119,120914,0.1434,0.2811
5350150.0,1851,93388,0.3356,0.0
5350151.0,2982,119697,0.2384,0.3103
5350152.0,3738,22360,0.5087,0.3361
5350153.0,1394,132533,0.1625,0.1138
5350154.0,3990,98502,0.1844,0.3265
5350155.0,2085,118180,0.1539,0.235
5350157.0,3960,53843,0.3221,0.0583
5350158.0,2456,64738,0.1015,0.4209
5350160.0,6236,92086,0.2178,0.1985
5350161.0,2552,87523,0.01,0.2269
5350162.0,5753,95926,0.3113,0.2167
5350163.0,1715,118366,0.215,0.5224
5350164.0,1192,38574,0.0866,0.2926
5350165.0,1794,115267,0.4211,0.3142
5350166.0,3132,88232,0.11,0.2207
5350168.0,5928,82294,0.3836,0.3833
5350170.0,1722,46809,0.1889,0.5429
5350171.0,5246,102085,0.4882,0.4166
5350172.0,4742,20405,0.3774,0.4236
5350173.0,2697,106155,0.149,0.4091
5350174.0,2651,46221,0.1608,0.0516
5350176.0,6196,89497,0.3587,0.1423
5350180.0,4844,84663,0.2459,0.2631
5350182.0,2085,120747,0.258,0.1693
5350186.0,5988,82998,0.4454,0.1084
5350187.0,3059,68564,0.1827,0.0
5350188.0,1162,73815,0.2919,0.0576
5350189.0,5418,123641,0.4041,0.2538
5350191.0,5738,103016,0.3852,0.2875
5350192.0,3268,77202,0.2593,0.1573
5350193.0,4782,81380,0.2424,0.3142
5350201.0,2060,44119,0.054,0.2219
5350202.0,5632,98877,0.1427,0.4963
5350203.0,2837,38725,0.3214,0.2709
5350204.0,2250,109050,0.2621,0.4253
5350205.0,3604,91601,0.2897,0.3366
5350207.0,2249,154835,0.4151,0.0476
5350208.0,4299,57196,0.1256,0.2837
5350209.0,5036,85125,0.2493,0.0776
5350211.0,3052,138352,0.3045,0.2805
5350212.0,5243,121359,0.1885,0.1659
5350214.0,3201,68506,0.4661,0.3688
5350215.0,6327,94271,0.3981,0.0584
5350216.0,2230,88056,0.3177,0.3026
5350217.0,4787,95895,0.5133,0.403
5350218.0,3805,68437,0.0851,0.4634
5350219.0,6172,85499,0.279,0.1624
5350220.0,1972,43255,0.3276,0.3032
5350224.0,1841,91783,0.1611,0.3331
5350226.0,5731,100601,0.3191,0.5785
5350227.0,5926,81632,0.1361,0.0334
5350228.0,5034,42779,0.3698,0.136
5350229.0,3454,115679,0.4175,0.8048
5350231.0,3079,98207,0.3154,0.2508
5350232.0,4566,67672,0.0391,0.0
5350233.0,5033,80143,0.1543,0.1951
5350234.0,2300,45981,0.3534,0.0
5350239.0,740,59289,0.2828,0.3434
5350241.0,1126,72941,0.01,0.4458
5350242.0,2698,122396,0.4416,0.1359
5350245.0,4653,70094,0.2978,0.2153
5350246.0,3253,105926,0.1735,0.4663
5350261.0,4286,72927,0.4093,0.0
5350264.0,3424,94943,0.1919,0.0621
5350265.0,2159,84041,0.1905,0.2589
5350266.0,5042,112446,0.3266,0.1646
5350267.0,4896,73025,0.5115,0.2471
5350268.0,6284,43969,0.4911,0.0725
5350275.0,5488,49305,0.3268,0.3386
5350277.0,2903,73107,0.3401,0.2731
5350278.0,4787,53026,0.3829,0.3989
5350280.0,2733,99486,0.1166,0.3361
5350282.0,5762,74958,0.3637,0.3372
5350284.0,4240,154489,0.1846,0.0397
5350285.0,5540,39344,0.3214,0.3887
5350286.0,2331,93702,0.2504,0.2404
5350288.0,786,56417,0.3452,0.27
5350289.0,1519,74185,0.2954,0.4887
5350292.0,3781,91960,0.01,0.1705
5350293.0,6276,22890,0.3033,0.5432
5350295.0,4336,94631,0.3635,0.56
5350296.0,5395,141281,0.338,0.4355
5350298.0,3421,75304,0.2667,0.1235
5350303.0,6259,95275,0.4935,0.0
5350412.25,6157,116698,0.3205,0.4942
5350309.0,1963,83409,0.3369,0.32
5350313.0,5700,71733,0.4158,0.1659
5350319.0,803,24279,0.3271,0.5112
5350412.26,4137,105948,0.1633,0.1449
5350330.0,3236,84831,0.01,0.2237
5350332.0,2447,59645,0.218,0.3945
5350333.0,6114,91545,0.3789,0.0996
5350334.0,4541,71657,0.2341,0.2803
5350335.0,1502,73204,0.3842,0.496
5350336.0,1507,104976,0.2993,0.338
5350338.0,1379,50525,0.4474,0.5245
5350339.0,2463,117325,0.2416,0.504
5350340.0,1099,48865,0.3408,0.3014
5350342.0,2232,69444,0.3458,0.0
5350343.0,5137,141842,0.4752,0.101
5350413.01,5767,119566,0.0581,0.4374
5350345.0,5258,90733,0.2204,0.021
5350347.0,3577,61665,0.3903,0.2412
5350348.0,4733,73180,0.481,0.3609
5350349.0,6174,90052,0.3112,0.5645
5350350.0,1009,89051,0.2419,0.1965
5350413.02,5946,85456,0.3784,0.1842
5350352.0,4895,87137,0.3929,0.2906
5350354.0,2941,81997,0.2332,0.3632
5350356.0,3302,47625,0.3229,0.2722
5350359.0,3243,73538,0.4335,0.4889
5350360.0,1615,113609,0.5258,0.1562
5350481.02,2035,49687,0.3765,0.3216
5350365.0,2411,82692,0.2857,0.3801
5350366.0,733,65047,0.273,0.228
5350369.0,3606,91118,0.3525,0.4511
5350371.0,3463,77118,0.265,0.3268
5350372.0,2611,129367,0.3047,0.442
5350373.0,1723,102184,0.1425,0.3349
5350411.28,6324,51270,0.4486,0.3678
5350440.0,4635,106794,0.1318,0.1862
5350576.29,3453,66310,0.2238,0.1865
5350503.0,4891,71844,0.2927,0.5204
5350504.0,2858,96787,0.5388,0.4144
5350506.0,1950,74231,0.2251,0.1159
5350507.0,4604,113000,0.1934,0.3326
5350508.0,5169,66314,0.2084,0.0
5350510.0,4473,70669,0.4957,0.1967
5350512.0,3985,69622,0.01,0.473
5350411.29,714,72162,0.1496,0.2775
5350484.02,4399,118777,0.6351,0.3212
5350517.0,4287,105606,0.3568,0.0
5350518.0,3092,135878,0.1362,0.2294
5350519.0,2113,151494,0.2746,0.3609
5350522.0,6378,59140,0.2888,0.3838
5350523.0,2876,89972,0.39,0.4732
5350560.0,2277,55066,0.5191,0.2622
5350561.0,4796,66227,0.3305,0.2702
5350574.0,3495,70358,0.2098,0.0602
5350601.0,3932,58400,0.3823,0.2632
5350602.0,4460,58547,0.1892,0.0729
5350603.0,2838,83960,0.1457,0.0
5350604.0,1583,53932,0.0512,0.1047
5350605.0,1670,111580,0.0765,0.5716
5350606.0,6149,62303,0.1635,0.2513
5350607.0,3631,166668,0.1269,0.3396
5350608.0,3118,75361,0.3207,0.2076
5350609.0,2552,90016,0.1241,0.0
5350611.0,4885,51730,0.01,0.4685
5350411.3,5994,135771,0.1443,0.0
5350615.0,5159,119346,0.2187,0.2001
5350403.15,3799,96314,0.2013,0.2902
5350806.0,3457,50290,0.4775,0.3415
5350807.0,5722,93899,0.2002,0.1692
5350811.0,5666,56600,0.3945,0.0
5350812.0,2963,128946,0.2775,0.1558
5350403.16,6292,110657,0.2745,0.1652
5350516.37,5499,90672,0.1714,0.1608
5350516.38,5608,19781,0.2724,0.4746
5350516.39,1027,60464,0.1805,0.0816
5370006.0,1454,50872,0.183,0.4013
5370007.0,2429,92413,0.6375,0.0954
5370008.0,5115,100054,0.8221,0.6597
5370009.0,1153,74986,0.6003,0.3377
5370010.0,1180,75032,0.6769,0.3439
5370011.0,883,76110,0.4354,0.278
5370012.0,1813,42100,0.1209,0.751
5370013.0,6029,63574,0.0881,0.7365
5370014.0,4883,63424,0.4659,0.9786
5370015.0,4857,79502,0.3134,0.4291
5370016.0,2396,97995,0.2554,0.6281
5370017.0,4325,36244,0.4087,0.2963
5370018.0,5218,64250,0.5308,0.5063
5370019.0,3788,112444,0.1585,0.4659
5370020.0,5665,45692,0.3392,0.6822
5370021.0,4003,43332,0.6918,0.8037
5370022.0,2582,74069,0.2264,0.798
5370023.0,4404,93332,0.5766,0.3946
5370024.0,6170,68343,0.3327,0.7997
5370025.0,5494,107869,0.5182,0.5703
5350516.4,3591,90586,0.5209,0.0303
5370027.0,4161,93255,0.5534,0.4241
5370028.0,6360,84623,0.5836,0.4568
5370029.0,5041,137830,0.2127,0.9633
5370030.0,3614,61845,0.6205,0.6476
5370031.0,2329,18000,0.2665,0.6184
5370032.0,5954,116128,0.4667,0.5223
5370033.0,6365,54269,0.4665,1.0
5370034.0,1110,71236,0.5073,0.8671
5370035.0,885,107287,0.4807,0.4214
5370036.0,1367,19932,0.2681,0.5198
5370037.0,2942,30451,0.177,0.5329
5370038.0,1627,19962,0.577,0.6121
5370039.0,5815,44176,0.4535,0.4257
5370040.0,6002,81189,0.6269,0.6765
5370041.0,1747,83726,0.4119,0.8995
5370042.0,5508,76288,0.1671,0.291
5370043.0,1519,25617,0.5939,0.3318
5370044.0,5266,18000,0.3533,0.4737
5370045.0,2819,69631,0.4816,0.4839
5370046.0,933,53847,0.3035,1.0
5370047.0,3183,81782,0.716,0.8004
5370048.0,5472,89059,0.2622,0.7878
5370049.0,6113,72147,0.3593,0.5218
5370050.0,1402,90804,0.4393,0.517
5370051.0,5549,74876,0.2234,0.2606
5370052.0,2400,83902,0.4795,0.752
5370053.0,3391,46860,0.7101,0.688
5370054.0,1330,62612,0.3317,0.8629
5370055.0,6343,73903,0.4911,0.5336
5370056.0,5283,92616,0.01,0.5488
5370057.0,4425,56188,0.413,0.6174
5370058.0,4916,83635,0.3637,0.7762
5370059.0,5767,60025,0.2727,0.2566
5370060.0,1531,64474,0.6147,0.7419
5370061.0,2127,92886,0.3613,0.5755
5370062.0,916,18000,0.3881,0.3471
5370063.0,3535,29106,0.3521,0.1214
5370064.0,3565,23534,0.075,0.55
5370065.0,872,18000,0.2162,0.8985
5370066.0,4537,47652,0.593,0.9484
5370067.0,751,90483,0.0402,0.6582
5370068.0,5298,59453,0.2821,1.0
5370069.0,4791,73934,0.3481,0.5706
5370070.0,5427,100677,0.7339,0.7897
5370071.0,1386,107831,0.5583,0.4807
5350516.41,5748,70037,0.2041,0.542
5370073.0,3877,108608,0.6548,0.4309
5350516.43,5707,79619,0.3929,0.4954
5350516.44,4736,106819,0.2335,0.4692
5350520.09,4507,101304,0.3174,0.4201
5350528.44,886,68626,0.3001,0.0
5350528.45,4713,83278,0.01,0.501
5350528.46,3302,117225,0.1622,0.2176
5370200.0,5625,92108,0.3809,0.968
5370201.0,4668,119623,0.4699,1.0
5370202.0,1131,26535,0.3309,0.2146
5370203.0,5860,79785,0.5197,0.502
5370204.0,1064,36784,0.3151,0.3524
5350430.05,2435,116675,0.1425,0.5063
5370206.0,1957,64067,0.4996,0.6431
5350528.47,6350,92403,0.2375,0.2244
5370208.0,1588,95849,0.3406,0.596
5370209.0,5598,49850,0.4473,0.475
5370210.0,1988,51983,0.519,0.9351
5370211.0,4473,35907,0.7911,0.7003
5370212.0,1224,48372,0.5891,0.7274
5370213.0,2973,80837,0.5957,0.0
5370214.0,4313,62323,0.95,0.5653
5370215.0,4824,77860,0.5129,1.0
5370216.0,5760,78858,0.5072,0.8717
5370218.0,5433,107620,0.5467,0.1736
5370219.0,3708,57716,0.2384,0.511
5370220.0,2459,23694,0.3401,0.3157
5370221.0,2215,100017,0.3289,0.9564
5350528.49,6458,42470,0.2698,0.0902
5350562.12,4228,108296,0.2556,0.6326
5350562.13,5969,127819,0.3128,0.2969
5350562.14,3215,75209,0.3779,0.2854
5350430.06,3515,90841,0.1201,0.2271
5350430.07,5489,31779,0.1434,0.5124
5350562.15,4892,95469,0.0527,0.2055
5350572.09,1864,58220,0.3926,0.0219
5350572.1,3739,93590,0.3125,0.1778
5350573.1,1938,44286,0.3457,0.5388
5350573.11,5113,103200,0.0942,0.4498
5350576.31,873,116686,0.512,0.2541
5350576.33,5496,66071,0.2008,0.5472
5350576.34,6088,56166,0.3019,0.4346
5350576.43,834,27631,0.3911,0.252
5350576.44,4356,80540,0.1517,0.2701
5350012.01,1158,71715,0.209,0.3593
5350034.01,2789,44571,0.3033,0.1503
5350034.02,2651,100685,0.6515,0.3008
5350299.01,3714,75401,0.3191,0.3555
5350299.02,6022,57879,0.4888,0.0
5350305.03,3377,72472,0.4367,0.2659
5350307.03,3009,117997,0.3278,0.2454
5350307.04,1238,104882,0.1514,0.4851
5350307.05,5847,84359,0.4178,0.0
5350307.06,2525,105335,0.0852,0.2313
5350307.07,3382,55494,0.4881,0.2133
5350368.01,1235,88906,0.306,0.4728
5350368.02,2375,92125,0.01,0.2922
5370002.06,3909,99916,0.3573,0.5661
5370080.06,5923,33742,0.5575,0.2213
5370080.07,2607,68190,0.7238,0.8904
5370101.02,3951,145930,0.5608,0.4096
5370144.01,5778,74692,0.1557,0.8057
5370144.02,2790,110996,0.3782,0.4433
5350430.08,2409,121329,0.2707,0.0602
5350013.01,957,18000,0.2841,0.1517
5350013.02,5966,70751,0.2347,0.382
5350012.03,1343,116710,0.4395,0.5206
5350012.04,1949,79116,0.1695,0.0
5350516.48,1507,46947,0.3207,0.5474
5350576.52,4803,57375,0.2888,0.2748
5350576.53,2816,116753,0.0776,0.0
5350576.54,4788,34198,0.1085,0.0
5350400.17,4222,119612,0.2815,0.0247
5350400.18,787,86457,0.5376,0.2965
5350401.18,2484,54613,0.3553,0.2881
5350401.19,723,71673,0.0557,0.414
5350401.2,1080,59518,0.01,0.2011
5350401.21,3443,112254,0.3753,0.1006
5350401.22,2235,108508,0.2675,0.2256
5350401.23,1216,39863,0.4284,0.306
5350402.12,3070,76699,0.1655,0.3415
5350402.13,3321,63831,0.3255,0.158
5350403.09,6455,124218,0.39,0.4623
5350403.1,4536,50197,0.2218,0.1881
5350403.11,2979,132918,0.2246,0.1435
5350403.12,3445,87068,0.2833,0.2024
5350403.13,1217,55466,0.3505,0.4935
5350403.14,2942,69036,0.2781,0.2761
5350411.15,4070,65555,0.4066,0.175
5350412.19,821,52311,0.2199,0.4667
5350412.2,6033,90655,0.1073,0.6857
5350430.03,3687,53618,0.537,0.3377
5350576.55,5262,26950,0.2014,0.5221
5350576.57,2298,77369,0.2061,0.4865
5350576.59,5550,37520,0.2714,0.191
5350576.62,2827,66939,0.2887,0.3048
5350576.63,6083,62545,0.2297,0.0691
5350576.65,3728,63606,0.2777,0.2631
5350576.66,4391,144027,0.2748,0.1873
5370224.02,1882,94934,0.7581,0.3923
5350376.15,6470,94870,0.01,0.165
5350376.16,1817,38261,0.5245,0.2483
5350612.18,893,69689,0.2609,0.3958
5350612.19,3251,94028,0.3555,0.2785
5350612.2,5542,59313,0.1008,0.0
5370223.13,6042,110115,0.1411,0.8016
5370223.14,5670,54724,0.328,0.4543
5370223.15,3907,111651,0.2267,0.6283
5370223.16,6016,71945,0.1092,0.7838
5350237.01,3553,92601,0.3786,0.3462
5350237.02,3473,70066,0.1954,0.1583
5350237.03,1748,80415,0.2212,0.3444
5350249.01,5268,81388,0.2481,0.2154
5350260.01,2533,67437,0.4469,0.0951
5350576.68,1831,101583,0.0343,0.4335
5350301.01,2843,94675,0.109,0.4472
5350576.69,4198,85519,0.0269,0.4708
5350304.01,2266,75947,0.1386,0.1905
5350304.02,2780,110303,0.1745,0.5123
5350304.03,2614,81397,0.0701,0.2112
5350304.04,4157,79412,0.1846,0.4176
5350311.02,4841,90931,0.0181,0.208
5350311.03,4618,135504,0.1477,0.2597
5350311.04,1518,50470,0.4361,0.0
5350312.02,2712,109556,0.3325,0.2457
5350312.03,4461,34991,0.3044,0.3164
5350315.01,1954,94084,0.1496,0.2262
5350315.02,1102,132102,0.0803,0.6161
5350316.01,2565,101683,0.1319,0.0908
5350805.16,4636,92778,0.2744,0.1986
5350324.01,4550,72307,0.3929,0.1371
5350324.02,1452,88869,0.3973,0.1985
5350324.03,4625,80942,0.362,0.4857
5350375.01,1827,65993,0.1841,0.566
5350375.02,4999,79883,0.2832,0.1739
5350375.03,3985,93555,0.2382,0.1699
5350376.01,1433,66518,0.2538,0.0917
5350376.02,2731,65424,0.5448,0.5351
5350400.02,5447,49913,0.0509,0.5018
5350402.01,3209,98940,0.2495,0.2809
5350402.02,4691,103269,0.4375,0.0487
5350402.03,5039,94486,0.0894,0.0648
5350422.02,876,115025,0.1963,0.3307
5350411.16,6102,90460,0.2112,0.3989
5350411.17,2646,98976,0.251,0.0
5350411.18,5301,96507,0.0725,0.2422
5350411.19,3406,85437,0.3574,0.5913
5350400.19,4046,73137,0.3666,0.2608
5350400.2,2791,149996,0.3461,0.5681
5370081.0,5648,84453,0.3586,0.3047
5370082.0,1381,73639,0.4393,0.6046
5370083.0,5897,24556,0.1897,0.7957
5350400.21,1902,95052,0.2368,0.2768
5350400.22,5822,48666,0.56,0.1285
5370121.0,842,41009,0.438,0.4221
5350805.17,779,85363,0.1256,0.5712
5370124.0,1239,24355,0.7665,0.3425
5350424.14,3877,121286,0.1043,0.4941
5370131.0,2244,105438,0.4284,1.0
5370132.0,4167,60424,0.4315,0.1924
5350424.15,5455,137761,0.2222,0.4011
5370141.0,857,18000,0.6191,0.8583
5350424.16,3754,87715,0.3552,0.4022
5370143.0,4987,59187,0.3442,0.7047
5350455.0,3162,92460,0.1371,0.3791
5350400.23,6065,87214,0.2096,0.0
5350631.03,4540,69512,0.3154,0.2592
5350631.04,900,104292,0.1983,0.4538
5350612.26,3840,101345,0.2438,0.412
5350411.21,2926,88411,0.3374,0.0663
5350411.22,1462,65880,0.2347,0.0895
5350411.23,6212,91638,0.3094,0.176
5350452.05,1991,86046,0.4871,0.3335
5350452.06,1183,50663,0.2577,0.0
5350612.27,1990,46789,0.4333,0.2976
5350452.07,5473,103824,0.3527,0.3561
5350634.01,4179,18000,0.0893,0.2491
5350634.02,5455,93751,0.1367,0.3946
5350620.09,3377,74614,0.1716,0.3403
5350612.21,1378,124631,0.1689,0.2025
5350620.13,2947,74183,0.2683,0.0
5350612.22,1858,106466,0.3599,0.324
5350612.23,3928,76886,0.4432,0.1284
5350612.25,2262,91185,0.3201,0.1959
5350620.05,6326,108631,0.2221,0.3862
5350620.06,2887,75048,0.01,0.5551
5350620.07,2522,115904,0.2892,0.2931
5370222.01,6410,90888,0.1418,0.2237
5370222.02,3717,81443,0.3654,0.1761
5370222.03,1688,18000,0.6172,0.6635
5350411.24,3486,106481,0.4413,0.2892
5350411.25,2177,141660,0.3821,0.5213
5350424.13,4856,66624,0.1549,0.2027
5350516.47,4027,49384,0.2133,0.2565
5350575.07,4935,60159,0.2677,0.4906
5350575.08,6152,106492,0.1792,0.2834
5350576.45,4928,101942,0.3451,0.1004
5350576.46,2675,90863,0.3264,0.7593
5350576.47,1868,56557,0.1385,0.1059
5350322.01,3770,109472,0.4356,0.2884
5350322.02,3304,53708,0.2933,0.3624
5350576.49,2515,120451,0.0552,0.3482
5350576.5,5404,168008,0.2733,0.2658
5350442.04,5974,98261,0.3166,0.2667
5350442.05,2912,104327,0.4065,0.2577
5350442.06,4649,74200,0.2361,0.0991
5350420.14,6408,37314,0.3876,0.687
5350420.15,768,71124,0.3043,0.2604
5350804.12,2815,57399,0.109,0.4074
5350804.13,4979,47484,0.096,0.2398
5370120.03,3586,18000,0.4635,0.7415
5370120.04,5292,116328,0.6793,0.8323
5350378.25,3452,98631,0.322,0.021
5350378.26,1073,79347,0.4744,0.2711
5350378.27,3215,83160,0.4174,0.2267
5350378.28,3046,115007,0.3689,0.5109
5370300.0,5604,59413,0.527,0.5876
5370302.0,1554,62302,0.3762,0.4648
5350805.18,1600,82512,0.3497,0.1383
5350805.19,1520,78420,0.2298,0.5597
5350820.04,3992,48606,0.1931,0.1435
5350820.05,6474,32623,0.3134,0.4012
5350820.06,4287,80676,0.0628,0.4746
5350820.07,5434,89582,0.371,0.2737
5350805.2,5637,51988,0.156,0.0522
5350805.21,4183,87035,0.3282,0.0545
5350355.05,4233,89505,0.2122,0.4548
5350355.06,2109,27632,0.2456,0.0731
5350337.01,6268,62377,0.1816,0.3706
5350337.02,5269,99403,0.259,0.3206
5350260.06,5758,98838,0.5256,0.3679
5350260.07,6405,55697,0.4601,0.3849
5350183.01,2722,92437,0.3261,0.1319
5350183.02,1533,116627,0.2767,0.1244
5350028.01,5687,109758,0.3897,0.4287
5350028.02,3443,85332,0.4269,0.1867
5350063.03,6259,74897,0.1721,0.0
5350063.04,4728,70378,0.2699,0.4168
5350065.01,2191,101099,0.0431,0.1135
5350050.01,2757,93463,0.426,0.3841
5350097.01,4239,105623,0.5485,0.5507
5350065.02,2987,91692,0.2904,0.303
5350128.02,2334,110925,0.01,0.4792
5350156.01,1917,90649,0.3592,0.3277
5350156.02,4467,109971,0.1625,0.5857
5350169.01,904,112383,0.1938,0.1088
5350169.02,1243,65473,0.3615,0.2985
5350175.01,946,37372,0.3131,0.4212
5350175.02,4958,131218,0.2165,0.2657
5350184.01,870,95186,0.1956,0.5074
5350184.02,3134,39994,0.2964,0.2222
5350185.01,1403,68013,0.2268,0.6725
5350185.02,4106,109612,0.1358,0.682
5350190.01,899,80169,0.2368,0.3508
5350190.02,850,73662,0.3241,0.3995
5350221.01,3083,127225,0.2568,0.5145
5350221.02,4733,58676,0.0962,0.0863
5350222.01,1335,65652,0.4086,0.0638
5350222.02,3576,93919,0.01,0.5262
5350230.01,5399,98933,0.222,0.3493
5350230.02,4326,101898,0.1994,0.2592
5350235.01,5051,113515,0.2993,0.302
5350235.02,2530,93560,0.353,0.0
5350236.01,6163,101703,0.4265,0.2657
5350236.02,1545,80742,0.1874,0.1645
5350238.01,4210,89756,0.3563,0.4653
5350238.02,3225,91011,0.3055,0.4791
5350240.01,884,94023,0.0575,0.4038
5350240.02,6175,109631,0.5271,0.3712
5350243.01,4773,103544,0.093,0.0305
5350243.02,2021,89238,0.3345,0.4063
5350063.05,1003,65344,0.3307,0.4133
5350248.02,4619,89895,0.3158,0.5241
5350250.01,3861,87216,0.2157,0.6813
5350250.02,989,93409,0.3875,0.0
5350262.01,6419,149783,0.0772,0.2301
5350262.02,4864,73334,0.2714,0.1664
5350270.01,3383,99824,0.2067,0.3311
5350270.02,2082,117917,0.192,0.3024
5350273.01,2272,90744,0.3357,0.2579
5350273.02,3318,153460,0.4201,0.485
5350276.01,1031,77415,0.2354,0.1017
5350276.02,2832,97074,0.3815,0.1126
5350279.01,1961,65633,0.2865,0.1156
5350279.02,1354,78157,0.1639,0.2351
5350283.01,1430,94970,0.2465,0.0789
5350283.02,2704,111697,0.2411,0.2913
5350287.02,2919,96935,0.1894,0.2702
5350294.01,2730,123255,0.3357,0.1584
5350294.02,4701,85341,0.3105,0.4573
5350297.01,3728,78699,0.0732,0.2893
5350297.02,1817,163712,0.0653,0.4913
5350302.01,6339,99039,0.3352,0.2649
5350302.02,4934,67855,0.174,0.2956
5350304.05,3426,68561,0.3193,0.1987
5350304.06,985,61605,0.3815,0.2987
5350308.02,6003,114224,0.1148,0.4282
5350312.04,5018,77797,0.0965,0.226
5350063.06,3377,91566,0.4977,0.3933
5350317.02,1638,86222,0.3257,0.1537
5350320.01,1323,108482,0.2255,0.4366
5350320.02,2381,64291,0.1586,0.1956
5350323.01,2034,57884,0.2136,0.4533
5350323.02,1914,94280,0.1252,0.311
5350128.05,3063,104827,0.3948,0.5738
5350331.01,970,97311,0.179,0.0923
5350128.06,2587,65335,0.4222,0.0343
5350196.01,5751,106970,0.2279,0.1891
5350341.02,5721,67172,0.1444,0.0508
5350346.01,748,73397,0.2246,0.0511
5350346.02,4636,61569,0.01,0.4119
5350196.02,6448,124432,0.2643,0.2992
5350353.02,4054,105736,0.2579,0.2137
5350195.01,2963,104940,0.3872,0.2303
5350355.02,3549,122922,0.0348,0.1925
5350357.01,1936,166754,0.431,0.5971
5350357.02,3004,40142,0.3867,0.1676
5350358.01,6134,67325,0.4428,0.062
5350358.02,4250,70747,0.2731,0.4433
5350358.03,3199,64177,0.4118,0.2612
5350195.02,1422,57828,0.0887,0.667
5350363.02,5956,79610,0.3727,0.2053
5350139.01,1642,53935,0.1797,0.4523
5350364.01,4885,97381,0.0653,0.4948
5350364.02,2458,89448,0.1339,0.2062
5350367.01,2315,101469,0.2807,0.1663
5350367.02,1692,102216,0.1728,0.4334
5350370.01,2875,104884,0.3289,0.4035
5350370.02,4627,77545,0.0449,0.0461
5350370.03,3116,147392,0.01,0.0969
5350374.01,843,94564,0.4584,0.0
5350374.02,2231,35850,0.3975,0.4072
5350374.03,1629,59933,0.1436,0.2529
5350375.04,3030,39266,0.2796,0.2708
5350375.05,5935,88485,0.4125,0.0
5350139.02,6283,84589,0.3345,0.1023
5350377.02,6485,74884,0.2993,0.214
5350377.03,1353,144306,0.4224,0.179
5350287.03,3528,103372,0.185,0.3212
5350378.02,964,108331,0.2841,0.405
5350378.03,3573,61930,0.2777,0.7085
5350400.03,4044,60024,0.2445,0.2964
5350287.04,5185,89031,0.2293,0.5008
5350308.03,2651,92844,0.2895,0.1506
5350402.04,909,36023,0.2845,0.0
5350402.05,3334,82951,0.1437,0.2366
5350402.06,3176,88394,0.3842,0.0124
5350402.07,4320,81976,0.1531,0.3026
5350402.08,1279,65225,0.2516,0.1595
5350412.01,4256,72893,0.2416,0.0
5350412.02,3025,83048,0.3266,0.6125
5350421.01,4986,90542,0.01,0.2032
5350423.01,6406,104934,0.3958,0.0052
5350423.02,2020,118264,0.192,0.4617
5350442.02,5071,79758,0.4386,0.1688
5350451.01,1440,75228,0.2178,0.4962
5350451.02,6413,100254,0.2737,0.168
5350452.01,3489,105104,0.5288,0.2026
5350452.02,5027,75842,0.2439,0.3621
5350456.01,5209,110131,0.4411,0.4068
5350456.02,4227,115428,0.2851,0.4383
5350500.01,2929,124167,0.334,0.2838
5350500.02,5074,137793,0.2891,0.3952
5350501.01,3462,63740,0.3902,0.4342
5350501.02,4522,88389,0.1909,0.3361
5350502.01,4256,88316,0.1521,0.2743
5350502.02,3391,85254,0.197,0.0398
5350505.01,1379,69821,0.293,0.4079
5350505.02,2396,46404,0.2513,0.3076
5350509.01,6139,90595,0.3723,0.2255
5350509.02,3717,66486,0.4496,0.53
5350511.01,4389,90408,0.1531,0.043
5350511.02,2199,65767,0.1846,0.5959
5350513.01,4793,57210,0.0933,0.296
5350513.02,3522,94560,0.5439,0.3572
5350513.03,1968,92226,0.3196,0.2289
5350516.01,1547,104220,0.3424,0.0
5350516.02,2991,149204,0.1058,0.2749
5350516.03,3979,95764,0.2798,0.3603
5350516.04,2324,101582,0.3462,0.4217
5350516.05,2122,57828,0.2471,0.2644
5350516.06,2263,51967,0.4198,0.0
5350291.03,2402,132319,0.5805,0.0225
5350516.08,4986,62143,0.1569,0.6694
5350516.09,3594,58770,0.1471,0.1033
5350520.01,3420,86905,0.1659,0.5569
5350520.02,1642,85475,0.4888,0.1319
5350521.01,3858,62730,0.4155,0.2672
5350521.02,6281,79461,0.2624,0.4125
5350521.03,5023,122423,0.2848,0.1524
5350521.04,3292,65432,0.1738,0.5866
5350521.05,2480,48977,0.3957,0.3136
5350524.01,2743,114393,0.2306,0.383
5350524.02,855,101784,0.2462,0.2518
5350525.01,869,70625,0.3591,0.4186
5350525.02,5202,43699,0.2556,0.5842
5350526.01,5590,67151,0.2495,0.2764
5350526.02,6317,86468,0.2814,0.6113
5350527.02,4329,120639,0.3834,0.1899
5350529.01,6089,58976,0.494,0.4375
5350529.02,3115,85633,0.3561,0.388
5350531.01,2173,106904,0.3844,0.1077
5350531.02,2124,21325,0.254,0.3385
5350532.01,2072,116946,0.188,0.3013
5350532.02,5021,54891,0.365,0.1464
5350540.01,757,97296,0.3023,0.3644
5350540.02,6183,94907,0.0951,0.3263
5350550.01,5193,118368,0.2374,0.2869
5350550.02,2908,103426,0.2692,0.2877
5350562.02,4770,21436,0.2136,0.2838
5350562.03,1482,66026,0.4726,0.2338
5350562.04,3202,91870,0.3424,0.3252
5350562.05,1333,82541,0.4585,0.1841
5350562.06,1350,101373,0.3142,0.7782
5350562.07,736,110102,0.2906,0.0463
5350562.08,5315,105037,0.1582,0.1947
5350562.09,5014,82000,0.2816,0.209
5350563.01,5879,36303,0.2817,0.6673
5350563.02,6392,75247,0.1023,0.0624
5350570.01,6295,99658,0.2099,0.3767
5350570.02,6458,57467,0.238,0.3447
5350571.01,791,105676,0.3338,0.36
5350571.02,5248,113435,0.34,0.5225
5350291.04,4894,91552,0.2044,0.5188
5350290.01,1640,18000,0.341,0.2188
5350575.01,1493,52214,0.2563,0.3349
5350575.02,6370,140813,0.01,0.0
5350575.03,5818,72697,0.217,0.3178
5350575.04,2601,32444,0.4203,0.1571
5350290.02,1133,122587,0.0614,0.2665
5350096.01,2634,88374,0.2946,0.0
5350096.02,730,118938,0.4861,0.3729
5350097.03,4686,95755,0.1811,0.0
5350585.02,2904,100840,0.2803,0.3267
5350585.03,984,98164,0.1105,0.0792
5350800.01,6382,107530,0.4915,0.1471
5350800.02,5489,151768,0.2692,0.5079
5350801.01,5947,115188,0.2861,0.4058
5350801.02,6484,43750,0.4561,0.5069
5350804.01,782,100507,0.366,0.5808
5350097.04,5195,119961,0.1662,0.1609
5350810.01,5267,121676,0.1959,0.5698
5350810.02,5233,76055,0.3443,0.0362
5350810.03,2237,120618,0.1989,0.4343
5350810.04,2963,113977,0.01,0.2112
5370001.01,6089,47195,0.4708,0.753
5370001.02,1082,92931,0.4645,0.8472
5350008.01,4418,73793,0.4901,0.4701
5370002.01,5297,55792,0.5462,0.4647
5370002.03,5328,50454,0.9322,0.5282
5370003.01,4163,66602,0.3525,0.5484
5370003.02,5147,76366,0.4328,0.3582
5370003.03,5974,37763,0.3397,0.8585
5370003.04,5141,89728,0.3322,0.7743
5370004.01,1372,69890,0.698,0.5128
5370004.02,2118,18000,0.2989,0.7212
5370005.01,2469,18000,0.3347,0.629
5370005.02,2689,67630,0.1343,0.7384
5370005.03,2791,61371,0.2836,0.2843
5370026.01,1975,64897,0.1125,0.548
5370026.02,4663,67161,0.5337,0.5672
5370026.03,1339,74767,0.9239,0.7172
5370026.04,5268,96429,0.354,0.4417
5370026.05,4520,34667,0.12,0.03
5370072.01,6273,32841,0.582,0.342
5370072.02,737,35200,0.2892,0.5666
5370072.03,2413,76668,0.6539,0.5941
5370072.04,5910,105348,0.3692,0.9504
5370080.01,3563,55060,0.3063,0.7082
5350008.02,3953,99745,0.14,0.4982
5370084.01,867,18000,0.5564,0.5729
5370084.02,5120,43009,0.3791,0.8229
5370207.01,2167,51268,0.3306,0.4502
5370207.02,6286,55748,0.3842,0.5491
5370217.01,2869,69157,0.1911,0.3404
5370217.02,1794,58648,0.4915,0.8922
5350047.03,4144,129158,0.3465,0.3208
5350047.04,3469,92745,0.3226,0.1862
5350102.04,3430,115991,0.3541,0.5274
5350102.05,6209,62741,0.4636,0.5739
5350050.03,2813,44530,0.4018,0.5484
5350050.04,3006,95301,0.2893,0.2265
5350210.01,4319,87059,0.1277,0.1283
5350200.01,1688,74237,0.202,0.5299
5350200.02,5505,90371,0.2514,0.3979
5350213.01,2033,165488,0.3128,0.3591
5350213.02,2101,111367,0.2178,0.1859
5350223.01,762,117386,0.1584,0.3766
5350223.02,2688,111630,0.1255,0.1046
5350484.03,4079,129425,0.0653,0.4141
5350484.04,4788,82678,0.2495,0.5482
5350007.01,5911,30467,0.0889,0.5936
5350007.02,5212,82720,0.1499,0.4275
5350091.01,2561,110729,0.2288,0.0512
5350091.02,5487,60846,0.1063,0.3355
5350141.01,1828,83062,0.3294,0.6851
5350141.02,1914,68630,0.3762,0.1436
5350181.01,2776,130057,0.2086,0.2893
5350181.02,3827,108985,0.2232,0.5544
5350206.01,1878,106243,0.3499,0.4111
5350206.02,5920,105405,0.1872,0.7464
5350244.01,2267,86957,0.1782,0.1681
5350244.02,2973,93532,0.4355,0.1218
5350263.02,4208,54815,0.3949,0.5203
5350271.01,3193,26780,0.3582,0.0847
5350271.02,3042,92202,0.4003,0.2646
5350272.01,6411,97072,0.023,0.2882
5350272.02,3228,121859,0.456,0.4865
5350274.01,1355,131997,0.331,0.4106
5350274.02,4935,131960,0.4114,0.3823
5350291.02,4792,60055,0.3303,0.2276
5350302.03,1969,78137,0.2864,0.5187
5350310.01,5631,101449,0.2442,1.0
5350310.02,2973,158893,0.3277,0.4244
5350312.05,1574,129443,0.2395,0.3179
5350314.01,1700,119343,0.3928,0.0664
5350314.02,4843,77142,0.0738,0.1853
5350315.03,1953,63270,0.2096,0.2615
5350316.03,3424,110089,0.5458,0.2038
5350316.04,4957,57181,0.1986,0.2971
5350317.03,5646,81324,0.249,0.62
5350361.01,3539,84786,0.1653,0.5245
5350361.02,5963,132602,0.3237,0.2714
5350362.01,2455,78068,0.1843,0.0825
5350362.02,5760,19701,0.2559,0.5407
5350362.03,2151,102124,0.3904,0.2912
5350376.05,1073,68427,0.1892,0.0
5350376.06,4906,89194,0.3825,0.4282
5350376.04,5089,85572,0.3869,0.4846
5350377.04,6072,80336,0.4171,0.0
5350400.04,6044,110130,0.2983,0.1516
5350400.08,1293,45080,0.7014,0.2801
5350400.06,4303,73524,0.4171,0.4322
5350400.07,4785,107153,0.3222,0.2072
5350401.04,4185,70806,0.1661,0.1502
5350401.05,808,42953,0.2674,0.4309
5350401.06,961,106720,0.4654,0.2157
5350401.07,4589,119447,0.5022,0.3976
5350401.08,5664,86740,0.4722,0.0999
5350402.09,1739,33096,0.3821,0.0566
5350402.1,969,107767,0.1168,0.4359
5350410.02,3043,41523,0.3433,0.3455
5350410.03,2518,96646,0.1186,0.466
5350410.04,6400,63151,0.0866,0.2041
5350411.01,6070,55524,0.3111,0.1569
5350412.04,3937,75627,0.348,0.5449
5350431.01,6208,82868,0.3974,0.0259
5350431.02,2027,69962,0.3446,0.5253
5350441.02,6453,104484,0.3491,0.5377
5350450.02,3292,75510,0.152,0.4548
5350451.03,3463,115445,0.2664,0.1762
5350452.03,993,95873,0.0841,0.153
5350456.03,1729,68468,0.0196,0.2622
5350460.01,1827,63754,0.3763,0.0669
5350460.02,3530,41870,0.1821,0.1269
5350461.01,1800,96141,0.3934,0.4161
5350461.02,1293,78072,0.4241,0.4169
5350513.04,4209,21579,0.1995,0.1111
5350515.01,5760,73000,0.3567,0.4217
5350515.02,1105,62771,0.194,0.3818
5350516.11,3951,132119,0.04,0.5718
5350527.04,6269,40322,0.296,0.4024
5350572.01,3046,47642,0.2188,0.4905
5350575.05,1761,119079,0.2228,0.3859
5350576.04,1161,125989,0.5368,0.4764
5350576.05,6130,67140,0.0816,0.0683
5350612.01,3050,70302,0.3298,0.2781
5350613.01,1309,105255,0.1507,0.293
5370080.03,5723,77931,0.2864,0.3278
5370207.03,5351,58921,0.1763,0.4837
5370207.04,4779,53516,0.3573,0.6349
5370223.01,1189,94117,0.4365,0.1594
5370223.02,1178,112378,0.083,0.5698
5350378.06,1969,90826,0.4005,0.1676
5350378.08,1627,119746,0.5102,0.4975
5350378.07,3784,146993,0.3424,0.363
5350378.04,2975,71848,0.1633,0.1166
5350378.05,5138,87529,0.3241,0.2651
5350476.01,1287,139018,0.5956,0.0
5350476.02,4922,45378,0.2933,0.3064
5350470.0,6117,116772,0.47,0.2643
5350471.0,1457,59487,0.1838,0.1966
5350472.0,4483,90869,0.2745,0.5852
5350474.0,3652,81207,0.3605,0.0919
5350475.0,1249,61176,0.3317,0.4272
5350482.0,2398,60473,0.1804,0.6936
5350590.0,5270,95740,0.1748,0.4939
5350830.0,5740,115875,0.4085,0.2943
5350832.0,2836,84367,0.4349,0.0959
5350621.0,1317,89963,0.4766,0.0548
5350622.0,2120,103993,0.5145,0.2259
5350623.0,5591,60795,0.2975,0.1763
5350624.0,4005,108711,0.2395,0.1705
5350625.0,3196,110942,0.4556,0.2413
5350626.0,777,160902,0.3727,0.2816
5350630.0,5239,77469,0.1523,0.3873
5350632.0,3399,75174,0.1456,0.0772
5350633.0,3862,109531,0.344,0.1772
5350635.0,5594,110935,0.257,0.2713
5350636.0,3961,73018,0.2766,0.2648
5350637.0,6082,76711,0.4194,0.6306
5350638.0,3945,103152,0.3787,0.3418
5350639.0,2686,64828,0.4529,0.0096
5350412.21,6051,76505,0.0289,0.3753
5350412.22,4426,90509,0.3129,0.3982
5350412.24,5110,115886,0.3703,0.2775
5370133.01,2015,57067,0.2893,0.712
5370133.02,4592,18000,0.2012,0.5659
5350483.01,3949,34335,0.1707,0.1074
5350600.01,1310,52736,0.2828,0.4189
5350600.02,2173,51231,0.4916,0.336
5350612.03,5987,83671,0.5429,0.4081
5350612.05,4013,54711,0.1741,0.6072
5350612.08,5190,68323,0.3485,0.4011
5350612.1,1695,66326,0.3526,0.1994
5350483.02,1963,75666,0.3304,0.4991
5350362.04,6159,125030,0.3319,0.1864
5350376.08,3136,106535,0.3195,0.3294
5350376.09,5844,88452,0.4994,0.0672
5350249.03,5388,75091,0.4233,0.114
5350420.03,2654,75869,0.1422,0.3092
5350411.04,6207,97177,0.3834,0.3663
5350248.03,5204,104357,0.396,0.0
5350412.06,1440,62587,0.3209,0.3895
5350412.08,1253,89021,0.4271,0.1525
5350401.11,1434,31115,0.3044,0.5303
5350401.13,4994,93928,0.3061,0.2366
5350401.09,1530,109340,0.2958,0.0977
5350401.1,2338,80158,0.0176,0.3136
5350400.11,3219,138863,0.2695,0.1351
5350400.12,1486,63325,0.1931,0.5284
5350167.01,2616,94088,0.1258,0.3001
5350167.02,4633,86997,0.4664,0.2727
5350410.07,6338,85192,0.3455,0.4065
5350442.03,3424,84799,0.2761,0.1191
5350378.11,5030,90999,0.2066,0.068
5350378.12,3774,111743,0.3185,0.3735
5350378.14,3404,126577,0.4089,0.1021
5350410.05,3719,87937,0.1725,0.102
5350527.05,6259,110829,0.2794,0.4506
5350527.06,1044,68351,0.3928,0.3945
5350527.07,3677,109447,0.0283,0.0743
5350527.08,998,66664,0.2725,0.1886
5350527.09,5775,118538,0.2242,0.1373
5350521.06,4186,149898,0.2626,0.6197
5350516.16,974,84582,0.2148,0.4631
5350528.01,4318,26609,0.2979,0.2242
5350573.03,3227,72654,0.5301,0.4037
5350562.11,973,122493,0.2379,0.0559
5350564.01,6373,103486,0.3179,0.1789
5350564.02,2894,94970,0.5393,0.3189
5350587.01,837,116243,0.2085,0.3814
5350587.02,4254,101565,0.5159,0.2825
5350576.06,2876,122096,0.2807,0.3446
5350576.07,4508,113744,0.5116,0.3141
5350804.05,1641,130608,0.3775,0.2706
5350810.05,5503,98046,0.3199,0.2467
5350591.01,3136,113347,0.2715,0.2233
5370001.04,3140,152276,0.3652,0.4805
5370001.05,5361,50402,0.2692,0.8202
5370001.06,3879,111059,0.5465,0.413
5370085.01,707,75313,0.6427,0.7511
5370085.02,4055,63463,0.4109,0.4942
5370085.03,4446,80978,0.6554,0.6569
5370001.07,2509,69857,0.0654,0.4784
5370084.03,1748,71312,0.41,0.591
5370084.04,1012,55750,0.4128,0.3436
5370026.06,5608,26057,0.2891,0.6345
5370002.04,724,21691,0.8491,0.5897
5370084.05,4084,87597,0.4081,0.4612
5350591.02,5549,137904,0.429,0.3336
5370205.01,2742,50117,0.4247,0.6095
5370205.02,1861,68255,0.0595,0.4444
5370223.05,4846,91848,0.2832,0.5517
5370223.06,4355,73411,0.597,0.3588
5370303.01,786,48318,0.3068,1.0
5350612.11,4046,77600,0.0951,0.328
5350612.12,702,118306,0.0695,0.4033
5350592.01,3017,72824,0.1723,0.1667
5350592.02,2463,120151,0.3174,0.3349
5350612.13,5534,103181,0.3607,0.3494
5350612.14,6368,94851,0.3369,0.0203
5350614.01,4750,92074,0.4328,0.3455
5350614.02,4959,83101,0.0508,0.2918
5350514.01,831,117278,0.4345,0.3234
5350514.02,1071,63770,0.2394,0.3064
5350516.17,5204,42586,0.3751,0.3467
5350516.18,3183,105204,0.108,0.5407
5350516.2,3640,105675,0.2806,0.0877
5350516.21,4713,101447,0.3107,0.2384
5350516.22,2712,99416,0.4302,0.42
5350516.23,4654,79025,0.0739,0.3866
5350613.03,4915,110050,0.284,0.3827
5350613.04,2094,86724,0.1389,0.7956
5350576.09,4679,74361,0.3457,0.4105
5370223.07,1682,71061,0.554,0.7434
5350585.05,2501,144578,0.4473,0.2447
5350516.24,5224,39421,0.2104,0.1213
5350516.25,6401,101994,0.4005,0.2434
5350516.26,1074,40985,0.4569,0.4282
5350516.28,4462,84969,0.0664,0.3732
5350516.29,4004,75858,0.3596,0.3726
5350520.05,4213,29619,0.4046,0.2614
5350528.11,5263,98893,0.2464,0.2327
5350528.12,1105,77359,0.1226,0.2676
5350528.13,4987,29222,0.4026,0.4304
5350528.15,2320,111508,0.1241,0.4513
5350528.16,1594,128180,0.2568,0.1189
5350528.18,3292,129723,0.2748,0.4372
5350528.19,856,98051,0.373,0.1829
5350528.2,4357,89290,0.1985,0.3844
5350528.21,3978,125188,0.191,0.2654
5350528.22,3674,135107,0.2929,0.5818
5350610.03,877,119740,0.4108,0.2247
5350610.04,5125,61637,0.5774,0.3322
5350572.04,903,93638,0.084,0.4092
5350572.05,2222,100306,0.321,0.1427
5350528.24,2996,37331,0.1388,0.2869
5350528.26,4772,101142,0.4124,0.252
5350528.31,3064,151644,0.158,0.2075
5350573.05,5436,105918,0.1923,0.2208
5350585.07,6119,129256,0.2034,0.5002
5350585.08,5137,93122,0.2701,0.1923
5350572.07,925,85950,0.322,0.402
5350572.08,5170,98676,0.3429,0.3566
5350411.26,1895,65157,0.2793,0.0485
5350411.27,5853,61014,0.1071,0.3935
5370080.05,6376,82193,0.4851,0.3133
5370122.01,1188,56473,0.4662,0.7471
5370122.02,1272,98571,0.5437,0.3873
5370130.02,4743,98906,0.7301,0.473
5370130.03,1531,73522,0.4508,0.5802
5370142.01,6318,96880,0.3997,0.6067
5370142.02,3833,76179,0.6916,0.2047
5350062.01,4027,115842,0.3009,0.1547
5350377.06,5689,90316,0.254,0.1907
5350377.07,1960,127485,0.1669,0.3818
5350047.02,3923,96664,0.5085,0.3863
5350102.02,6492,105477,0.1462,0.0
5350102.03,827,64669,0.1857,0.6628
5350136.01,1713,148442,0.3541,0.3951
5350136.02,1547,101155,0.0387,0.4254
5350249.04,2646,107964,0.4457,0.2742
5350249.05,1453,42971,0.3611,0.0
5350080.01,1697,64964,0.3969,0.4214
5350080.02,5645,122661,0.3526,0.1983
5350072.01,3394,96033,0.2591,0.3979
5350072.02,2776,34414,0.1418,0.2606
5350159.01,3129,117072,0.2618,0.3428
5350159.02,6329,72774,0.1532,0.1605
5350225.01,3549,127517,0.3432,0.4556
5350225.02,3419,85541,0.3849,0.0861
5350260.04,6082,93732,0.472,0.7042
5350260.05,916,121011,0.3283,0.7028
5350247.01,3474,62870,0.4002,0.5939
5350247.02,5039,60200,0.2414,0.5296
5350248.04,3684,82498,0.2178,0.2848
5350248.05,5735,111161,0.3416,0.51
5350281.01,5842,50735,0.2298,0.2827
5350281.02,2650,41295,0.315,0.0204
5350301.03,5442,111064,0.142,0.5706
5350301.04,2115,71117,0.1654,0.5032
5350263.03,2090,77018,0.3626,0.2944
5350263.04,6369,36009,0.3953,0.0795
5350305.01,774,68989,0.1519,0.1945
5350306.01,2748,87788,0.3672,0.0
5350306.02,4351,114051,0.2107,0.4701
5350312.06,3098,66406,0.2821,0.0114
5350312.07,5600,134407,0.4642,0.3516
5350316.05,2159,68832,0.385,0.1481
5350316.06,3906,68873,0.3835,0.0432
5350321.01,1426,131046,0.5281,0.3429
5350321.02,1924,93921,0.1885,0.2399
5350324.05,1706,72543,0.1518,0.4509
5350324.06,4999,83656,0.1861,0.0718
5350331.03,1875,125886,0.2469,0.1637
5350331.04,4583,129054,0.01,0.0
5350351.01,2704,65130,0.253,0.0
5350351.02,3977,86812,0.2092,0.6237
5350353.03,5768,90524,0.3819,0.675
5350353.04,5707,60385,0.3258,0.3167
5350355.04,765,86441,0.2019,0.1517
5350363.04,5248,88149,0.3567,0.2463
5350363.05,6242,119926,0.374,0.4572
5350376.11,4574,121808,0.1801,0.2074
5350376.12,1785,78782,0.2159,0.3428
5350376.13,4555,82009,0.01,0.2977
5350376.14,4389,106600,0.1382,0.1976
5350378.16,4540,71615,0.1835,0.2053
5350378.17,3187,104482,0.2896,0.3528
5350802.01,3745,85539,0.1571,0.1242
5350802.02,4480,60857,0.2133,0.3813
5350311.05,3390,61209,0.1207,0.2151
5350311.06,5186,128518,0.3022,0.3229
5350378.18,4815,83620,0.3353,0.5491
5350378.19,2458,133930,0.3323,0.2697
5350378.2,4240,73618,0.2816,0.4656
5350378.21,5087,96154,0.0797,0.0
5350378.22,3541,154995,0.1994,0.2153
5350194.01,4847,58393,0.2271,0.305
5350194.02,1434,34861,0.2276,0.6462
5350194.03,2940,124025,0.2897,0.0
5350194.04,4771,64849,0.4653,0.2827
5350317.04,5891,87420,0.3856,0.5622
5350317.05,4446,71594,0.1516,0.1587
5350341.03,4549,95509,0.3682,0.2617
5350341.04,2685,61385,0.3632,0.3597
5350250.04,4765,82962,0.1752,0.3332
5350250.05,2766,100595,0.3904,0.5818
5350269.01,1001,59767,0.2592,0.3807
5350269.02,2130,68398,0.0967,0.539
5350344.01,4245,78273,0.3392,0.2352
5350344.02,6279,47993,0.3082,0.1667
5350804.06,3575,76168,0.2504,0.2594
5350804.07,5689,91326,0.2751,0.0914
5350803.03,5212,76813,0.1865,0.387
5350803.04,3954,80401,0.3593,0.2305
5350803.05,5365,87443,0.2744,0.1791
5350803.06,3029,69639,0.3016,0.3898
5350805.04,3267,107350,0.3264,0.0941
5350805.06,4973,128207,0.1299,0.4387
5350804.08,4405,74997,0.1637,0.2139
5350831.01,3760,101586,0.01,0.5086
5350831.02,3212,81291,0.3534,0.2293
5350480.01,6359,98234,0.1224,0.4137
5350485.02,1080,131842,0.2972,0.3323
5350401.14,1019,102242,0.3282,0.4339
5350401.15,3478,38344,0.3583,0.3198
5350403.01,898,100712,0.1235,0.0006
5350410.09,2677,122520,0.2715,0.4816
5350410.1,3997,81795,0.4971,0.2842
5350410.11,3049,115878,0.5029,0.4421
5350410.12,1879,68677,0.4084,0.4242
5350410.13,2351,46405,0.3239,0.1608
5350412.1,4204,91953,0.1493,0.1353
5350412.11,6218,38819,0.3734,0.418
5350421.04,5232,81286,0.2595,0.2454
5350421.05,3874,124032,0.3529,0.4686
5350421.06,1501,34527,0.1977,0.2679
5350421.07,2107,52174,0.2575,0.4842
5350410.14,3255,59103,0.3013,0.3762
5350410.15,2130,86227,0.312,0.3518
5350420.05,4694,77760,0.3442,0.2327
5350420.06,2823,127176,0.2047,0.3418
5350420.08,5536,114722,0.1054,0.5147
5350420.09,2260,101868,0.4912,0.2902
5350420.1,3578,92078,0.6036,0.3956
5350420.11,4843,99010,0.3382,0.3083
5350424.04,1895,63864,0.1079,0.3224
5350424.05,5116,112002,0.1795,0.6102
5350441.03,4097,56863,0.3462,0.5163
5350441.04,4456,111391,0.4543,0.3143
5350450.03,3336,121212,0.1223,0.3386
5350473.01,6123,93904,0.2638,0.1737
5350473.02,5177,83066,0.3055,0.2689
5350473.03,1813,99209,0.3924,0.3557
5350820.03,3922,18000,0.2353,0.4531
5350481.03,5939,96463,0.0767,0.4349
5350481.04,2320,84826,0.3608,0.1003
5350481.05,3811,86582,0.4262,0.4759
5350480.03,5075,107783,0.2693,0.284
5350480.04,2285,85906,0.3327,0.1223
5350480.05,3702,56074,0.2183,0.5405
5350480.06,3907,84041,0.17,0.5634
5350528.5,1729,89892,0.4134,0.3475
5350528.51,1730,91218,0.3304,0.4276
5350528.52,3965,92534,0.3437,0.4381
5350528.53,1736,117102,0.4753,0.5512
5350576.73,6200,57591,0.1429,0.4311
5350576.74,3737,92920,0.2082,0.061
5350576.75,4791,124118,0.3005,0.6618
5350576.76,3001,39431,0.2066,0.4918
5350576.77,2433,93030,0.3818,0.2083
5350576.78,3521,71609,0.2556,0.1147
5350576.79,4823,77620,0.151,0.3909
5350576.8,3005,62665,0.2886,0.2499
5350576.81,2339,83253,0.3021,0.3594
5350576.82,1535,139555,0.4015,0.4338
5350576.83,3847,52596,0.3311,0.198
5350576.84,4642,55251,0.3399,0.0991
5350576.85,3754,51546,0.3216,0.3694
5350576.86,2178,136368,0.2555,0.204
5350576.87,2134,75054,0.1869,0.3263
5350576.88,2886,87282,0.3175,0.0582
5350576.89,2717,76722,0.2367,0.2546
5350576.9,1881,61556,0.4997,0.4287
5350576.91,6164,81416,0.4545,0.4091
5350576.92,2612,156831,0.3623,0.1581
5350576.93,2153,126978,0.3292,0.0897
5350576.94,4218,64118,0.2686,0.3028
5350576.95,5345,106132,0.1161,0.401
5350576.96,3395,64717,0.2519,0.3729
5350576.97,4570,38262,0.2932,0.2078
5350576.98,1251,116546,0.3098,0.3536
5350576.99,3789,120483,0.341,0.5704
5350577.0,1086,117289,0.3998,0.3369
5350577.01,1497,74844,0.19,0.006
5350577.02,4133,83330,0.1912,0.3366
5350577.03,1886,108993,0.4686,0.6679
5350577.04,912,98962,0.3802,0.0683
5350577.05,1738,76978,0.2292,0.3054
5350577.06,5182,42666,0.2661,0.2593
5350485.03,4103,91189,0.2666,0.3173
5350485.04,2914,118212,0.2841,0.335
5350485.05,6345,54468,0.3414,0.5052
5350586.03,2937,105885,0.6095,0.3153
5350586.04,5787,97283,0.3047,0.5299
5350586.05,2700,109004,0.3661,0.2788
5350516.5,846,112415,0.0608,0.237
5350516.51,1339,68555,0.217,0.1795
5350520.11,2287,42725,0.4397,0.0
5350520.12,1782,73061,0.3323,0.3496
5350528.54,1612,112896,0.01,0.6697
5350528.55,2923,72824,0.3676,0.3825
5350516.52,6358,68567,0.5294,0.4236
5350516.53,1862,37002,0.0205,0.2257
5350527.1,2066,137074,0.4775,0.256
5350527.11,6472,111120,0.01,0.4772
5350527.12,1867,109557,0.4019,0.6616
5350527.13,5515,115096,0.2789,0.5678
5350528.56,4301,104148,0.01,0.4449
5350528.57,6080,81159,0.338,0.3063
5350528.58,3925,83415,0.4296,0.3377
5350528.59,4142,76028,0.3273,0.1644
5350516.54,2009,161773,0.356,0.0393
5350516.55,4034,103566,0.2265,0.0972
5350528.6,4588,75014,0.038,0.309
5350528.61,6423,101034,0.3699,0.2474
5350528.62,1262,59696,0.5075,0.0355
5350528.63,1609,130126,0.4268,0.2933
5350577.07,812,69490,0.0216,0.2427
5350577.08,5284,102030,0.0831,0.0889
5350577.09,1178,117847,0.17,0.2334
5370223.17,6009,29244,0.6377,0.85
5370223.18,2816,78579,0.5059,0.8086
5370223.19,2372,125389,0.7294,0.5503
5370223.2,6355,81985,0.3504,0.7727
5370224.03,4878,56714,0.7121,0.771
5370224.04,3874,52787,0.5177,0.5608
5370224.05,5855,55690,0.95,0.4275
5350620.14,5077,84961,0.2576,0.3728
5350620.15,4397,65998,0.0265,0.203
5350620.16,2564,73544,0.2368,0.1348
5350620.17,6419,118810,0.281,0.2987
5350620.18,4872,106917,0.3019,0.2205
5350620.19,6184,103689,0.3293,0.5792
5350620.2,6303,80789,0.3118,0.2416
5350620.21,3885,104054,0.2456,0.2904
5350620.22,2775,69980,0.3172,0.7456
5350620.23,6193,80731,0.4103,0.2649
5350620.24,6494,115155,0.2676,0.4001
5350620.25,1407,112480,0.3213,0.4163
5350620.26,4402,60507,0.2558,0.4317
5350620.27,4194,64045,0.1959,0.3521
5350620.28,5041,91044,0.348,0.3349
5350620.29,6357,136332,0.2078,0.3181
5350612.28,2162,34364,0.3302,0.1963
5350612.29,6359,95793,0.2837,0.3586
5350610.05,4429,49471,0.2405,0.6652
5350610.06,1178,70239,0.2373,0.5179
5350011.01,3663,77796,0.2139,0.3547
5350011.02,1474,76226,0.066,0.454
5350011.03,6247,73054,0.3298,0.1435
5350044.01,5126,88202,0.3101,0.2531
5350044.02,5947,73013,0.3905,0.4706
5350300.01,4194,47051,0.2109,0.5677
5350300.02,3000,109836,0.5264,0.1612
5350300.03,3184,109080,0.2306,0.213
5350318.01,6191,111609,0.1662,0.6926
5350318.02,1579,44859,0.1508,0.3173
5350305.05,5831,96370,0.0546,0.6282
5350305.06,3147,106927,0.4792,0.3372
5350377.08,4124,59126,0.4582,0.3443
5350377.09,4568,88257,0.3581,0.245
5350308.05,1176,84745,0.1635,0.4697
5350308.06,1562,139580,0.5155,0.5444
5350308.07,1632,141886,0.2343,0.1137
5350210.03,5216,41398,0.245,0.2366
5350210.04,1145,157830,0.4668,0.4647
5350062.03,4243,62374,0.3657,0.2767
5350062.04,1326,115459,0.5661,0.2112
5350017.01,5153,115174,0.3123,0.4817
5350017.02,6366,60121,0.2284,0.4986
5350805.22,3101,101811,0.2005,0.2191
5350805.23,1930,84989,0.0399,0.3382
5350805.24,3280,103521,0.2438,0.0825
5350805.25,4706,94459,0.4288,0.1388
5350805.26,4918,121498,0.3578,0.3223
5350805.27,4391,90111,0.2826,0.3057
5350593.01,4075,83300,0.1507,0.126
5350593.02,4360,118690,0.3095,0.1711
5350593.03,1960,104251,0.4117,0.1083
5350593.04,1898,108491,0.336,0.3819
5370140.05,6099,20962,0.5579,0.2764
5370140.06,4060,105828,0.3769,0.7654
5370002.07,5694,109037,0.3519,0.3798
5370002.08,4328,42435,0.2475,0.78
5370101.03,3340,134878,0.6735,0.5336
5370101.04,4008,97865,0.01,0.4832
5370100.03,4711,97134,0.5636,0.934
5370100.04,1779,68841,0.3365,0.7046
5370100.05,3380,61483,0.3461,0.7941
5370100.06,4893,61718,0.7246,0.6757
5370086.01,1204,79716,0.2915,0.4822
5370086.02,1124,110036,0.2976,0.7145
5370123.01,1628,73439,0.3965,0.846
5370123.02,4128,40657,0.4945,0.6096
5370140.07,2082,92733,0.3405,0.9764
5370140.08,3230,95635,0.1367,0.7671
5370301.01,1476,87640,0.2642,0.6266
5370301.02,2151,90365,0.6506,0.6353
5370303.03,803,59872,0.4335,0.6102
5370303.04,5382,40130,0.5012,0.3047
