CTUID,cimd_residential_instability,cimd_economic_dependency,cimd_ethnocultural_composition,cimd_situational_vulnerability
5370001.08,0.3992,0.4716,0.3009,0.321
5370001.09,0.7579,0.4844,0.2028,0.8521
5370120.02,0.5927,0.3572,0.3416,0.286
5370140.04,0.3937,0.4635,0.4609,0.2991
5350420.13,0.8394,0.6423,0.5134,0.3136
5350422.03,0.2844,0.7195,0.3167,0.0462
5350422.04,0.51,0.2828,0.3997,0.5127
5350422.05,0.1871,0.6181,0.5105,0.2182
5350422.06,0.2176,0.5189,0.3525,0.6271
5350424.07,0.2405,0.5954,0.6648,0.5322
5350424.08,0.4349,0.4035,0.8202,0.3258
5350804.1,0.4435,0.3863,0.7183,0.4289
5350804.11,0.5305,0.5884,0.7549,0.7236
5350450.05,0.6126,0.5918,0.2741,0.51
5350450.06,0.4126,0.7018,0.5014,0.3957
5350573.06,0.4872,0.4557,0.6435,0.7934
5350573.07,0.2612,0.4008,0.7242,0.3776
5350576.16,0.2111,0.01,0.9007,0.4473
5350576.17,0.1802,0.13,0.7638,0.2196
5350585.09,0.6098,0.349,0.7293,0.1088
5350585.1,0.4124,0.2218,0.99,0.3168
5350586.02,0.1058,0.5665,0.5693,0.3658
5350516.3,0.4674,0.1842,0.4922,0.4094
5350516.31,0.2302,0.3298,0.5855,0.147
5350516.32,0.8121,0.3368,0.367,0.4591
5350520.07,0.3642,0.6369,0.5635,0.2354
5350520.08,0.6163,0.3105,0.2046,0.4513
5350528.32,0.6978,0.5014,0.4441,0.5002
5350528.33,0.289,0.4552,0.5269,0.3007
5350528.34,0.4952,0.5826,0.7399,0.2154
5350528.35,0.5907,0.573,0.7722,0.5915
5350530.01,0.5031,0.414,0.3573,0.4909
5350530.02,0.5522,0.1147,0.9652,0.3828
5350451.05,0.2141,0.3783,0.5797,0.5803
5350451.06,0.5908,0.4164,0.598,0.3725
5350451.07,0.3828,0.4715,0.2265,0.2669
5350424.09,0.5499,0.2872,0.426,0.2097
5350424.1,0.664,0.6254,0.76,0.3438
5350424.11,0.6138,0.4225,0.584,0.4758
5350411.07,0.5497,0.2543,0.5716,0.5685
5350412.12,0.6084,0.3375,0.5954,0.3635
5350412.13,0.6177,0.7671,0.2614,0.542
5350411.08,0.7791,0.5396,0.5307,0.3279
5350411.09,0.4732,0.6087,0.8317,0.2428
5350412.14,0.5128,0.2325,0.7673,0.1641
5350412.15,0.6664,0.296,0.525,0.2841
5350411.12,0.3819,0.2973,0.8627,0.1697
5350128.04,0.2129,0.4532,0.2982,0.6614
5350363.06,0.5786,0.3887,0.3557,0.4259
5350363.07,0.4388,0.3319,0.9227,0.3457
5350378.23,0.2385,0.3545,0.6656,0.6183
5350378.24,0.5801,0.2771,0.4922,0.1647
5350400.13,0.7662,0.3876,0.5389,0.3394
5350400.14,0.1541,0.6204,0.3887,0.66
5350401.17,0.6845,0.1476,0.6053,0.3384
5350573.09,0.01,0.4824,0.5895,0.727
5350528.39,0.3999,0.6684,0.554,0.4778
5350528.4,0.8481,0.387,0.318,0.5559
5350528.42,0.4143,0.3248,0.603,0.5602
5350528.43,0.498,0.5864,0.4441,0.3602
5350412.18,0.6326,0.2428,0.3528,0.2868
5350576.2,0.1367,0.4159,0.8033,0.3427
5350576.22,0.4944,0.2328,0.9839,0.212
5350010.01,0.4928,0.0834,0.9385,0.3501
5350010.02,0.8525,0.3926,0.68,0.3593
5350400.15,0.2329,0.1926,0.4969,0.6134
5350400.16,0.4037,0.4179,0.5359,0.449
5350403.04,0.2943,0.6207,0.6311,0.7144
5350403.05,0.2731,0.7538,0.466,0.0361
5350403.07,0.7055,0.4368,0.8138,0.1774
5350805.09,0.4853,0.6035,0.1429,0.3067
5350805.1,0.3689,0.4918,0.4909,0.5839
5350631.02,0.3764,0.351,0.7102,0.3436
5350612.15,0.3674,0.0735,0.381,0.1398
5370223.1,0.5575,0.7781,0.5309,0.2469
5350001.0,0.2271,0.2312,0.6687,0.1804
5350002.0,0.4283,0.6689,0.8537,0.151
5350003.0,0.4082,0.5166,0.2912,0.6598
5350004.0,0.3284,0.2443,0.2764,0.3073
5350005.0,0.511,0.4762,0.3608,0.386
5350006.0,0.528,0.8039,0.2425,0.3461
5350009.0,0.3687,0.6964,0.2567,0.3223
5350014.0,0.4512,0.3277,0.3555,0.2339
5350015.0,0.9117,0.2918,0.7967,0.3134
5350016.0,0.9041,0.438,0.4876,0.4106
5350018.0,0.2692,0.3902,0.5563,0.5728
5350019.0,0.2971,0.636,0.3589,0.5021
5350020.0,0.2681,0.5531,0.6767,0.1771
5350021.0,0.6914,0.1154,0.9252,0.5083
5350022.0,0.4003,0.5026,0.3725,0.4313
5350023.0,0.5279,0.3878,0.8949,0.2663
5350024.0,0.8794,0.4267,0.6229,0.3873
5350025.0,0.4779,0.4648,0.5534,0.4458
5350026.0,0.6212,0.6358,0.63,0.3671
5350027.0,0.5841,0.596,0.6281,0.432
5350029.0,0.3624,0.285,0.9214,0.2306
5350030.0,0.6918,0.4094,0.654,0.6589
5350031.0,0.3101,0.3393,0.6582,0.0706
5350032.0,0.748,0.1173,0.4657,0.4467
5350033.0,0.3625,0.4003,0.7178,0.415
5350035.0,0.3844,0.7521,0.3586,0.4564
5350036.0,0.2623,0.1118,0.5718,0.2537
5350037.0,0.2951,0.4157,0.99,0.5354
5350038.0,0.3946,0.4099,0.0492,0.3438
5350039.0,0.01,0.4718,0.5966,0.1821
5350040.0,0.4333,0.2467,0.6043,0.1958
5350041.0,0.3784,0.1635,0.5044,0.3787
5350042.0,0.638,0.1719,0.5091,0.1205
5350043.0,0.5646,0.6596,0.5683,0.6301
5350045.0,0.3385,0.2431,0.4996,0.5173
5350046.0,0.3883,0.3301,0.5944,0.634
5350048.0,0.4331,0.7988,0.4525,0.6182
5350049.0,0.7772,0.2878,0.9545,0.3072
5350051.0,0.3155,0.4816,0.4996,0.2296
5350052.0,0.336,0.6115,0.6639,0.01
5350053.0,0.2543,0.6028,0.4162,0.2991
5350054.0,0.1836,0.1803,0.7366,0.6248
5350055.0,0.5414,0.2916,0.6967,0.2358
5350056.0,0.5206,0.4744,0.6339,0.3285
5350057.0,0.7366,0.7672,0.3445,0.2768
5350058.0,0.6883,0.2829,0.3995,0.4162
5350059.0,0.9594,0.3311,0.8872,0.5529
5350060.0,0.4652,0.4955,0.3973,0.1291
5350061.0,0.4279,0.5315,0.6782,0.1578
5350064.0,0.22,0.5424,0.3611,0.583
5350066.0,0.6193,0.2677,0.7517,0.47
5350067.0,0.5037,0.3242,0.4127,0.3211
5350068.0,0.6103,0.4588,0.3574,0.6161
5350069.0,0.2522,0.6472,0.4075,0.1552
5350070.0,0.5503,0.3771,0.4392,0.4997
5350071.0,0.521,0.416,0.6309,0.3498
5350073.0,0.5078,0.2353,0.5639,0.451
5350074.0,0.3433,0.7554,0.331,0.01
5350075.0,0.7179,0.4478,0.5444,0.3209
5350076.0,0.8901,0.614,0.3213,0.4705
5350077.0,0.2579,0.4254,0.6787,0.3505
5350078.0,0.6241,0.4353,0.7154,0.5483
5350079.0,0.01,0.1499,0.5452,0.5433
5350081.0,0.6137,0.0329,0.6043,0.2162
5350082.0,0.106,0.6453,0.9004,0.4836
5350083.0,0.375,0.4341,0.5185,0.2111
5350084.0,0.2174,0.4572,0.3611,0.3681
5350085.0,0.4369,0.1952,0.6658,0.4584
5350086.0,0.6478,0.2574,0.3235,0.2347
5350087.0,0.1085,0.6112,0.5079,0.478
5350088.0,0.4081,0.7332,0.4302,0.2842
5350089.0,0.3773,0.3082,0.4096,0.2729
5350090.0,0.7962,0.5409,0.5,0.466
5350092.0,0.5664,0.4542,0.73,0.2346
5350093.0,0.2446,0.3983,0.7711,0.227
5350094.0,0.3857,0.7534,0.7352,0.5162
5350095.0,0.7912,0.3384,0.6173,0.3763
5350098.0,0.6229,0.6433,0.4985,0.1419
5350099.0,0.2964,0.4887,0.0784,0.4883
5350100.0,0.4266,0.417,0.6235,0.299
5350101.0,0.433,0.667,0.0941,0.1495
5350103.0,0.3724,0.4722,0.1653,0.01
5350104.0,0.138,0.4026,0.5177,0.4955
5350105.0,0.3445,0.6683,0.6029,0.231
5350106.0,0.7578,0.6449,0.4598,0.1734
5350107.0,0.4038,0.6364,0.8571,0.4559
5350108.0,0.4593,0.01,0.6424,0.4809
5350109.0,0.5081,0.4992,0.5001,0.2419
5350110.0,0.9236,0.4582,0.8273,0.4969
5350111.0,0.4818,0.4137,0.863,0.6682
5350112.0,0.6988,0.5298,0.6525,0.562
5350113.0,0.3604,0.4669,0.3949,0.5387
5350114.0,0.4281,0.542,0.4399,0.4071
5350115.0,0.4825,0.3718,0.2607,0.2934
5350116.0,0.3252,0.6897,0.5415,0.3516
5350117.0,0.4393,0.5602,0.34,0.4261
5350118.0,0.6576,0.5177,0.4842,0.1714
5350119.0,0.3199,0.5089,0.6021,0.2446
5350120.0,0.48,0.6283,0.1533,0.1458
5350121.0,0.6217,0.6039,0.2973,0.3953
5350122.0,0.3151,0.3997,0.4486,0.3725
5350123.0,0.6991,0.5983,0.5395,0.2621
5350124.0,0.4946,0.4513,0.4512,0.4831
5350125.0,0.447,0.765,0.4959,0.2033
5350126.0,0.0784,0.6176,0.4088,0.2565
5350127.0,0.4053,0.3074,0.2601,0.4771
5350129.0,0.5543,0.8395,0.443,0.4993
5350130.0,0.8291,0.0416,0.5074,0.2406
5350131.0,0.5936,0.5347,0.4879,0.3948
5350132.0,0.7052,0.2947,0.5724,0.2432
5350133.0,0.2382,0.7588,0.6338,0.3304
5350134.0,0.4546,0.4655,0.6863,0.3816
5350135.0,0.7241,0.2771,0.4233,0.4441
5350137.0,0.3025,0.372,0.2348,0.4076
5350138.0,0.673,0.2915,0.8043,0.401
5350140.0,0.6267,0.365,0.6271,0.1982
5350142.0,0.5349,0.3608,0.3591,0.4182
5350150.0,0.4143,0.2848,0.6055,0.4427
5350151.0,0.2827,0.4686,0.7636,0.4633
5350152.0,0.8351,0.4904,0.8958,0.2521
5350153.0,0.6064,0.2407,0.6001,0.4973
5350154.0,0.5481,0.1215,0.7619,0.1624
5350155.0,0.3974,0.476,0.3081,0.2954
5350157.0,0.4876,0.5157,0.5428,0.3187
5350158.0,0.5129,0.5514,0.483,0.1706
5350160.0,0.56,0.5192,0.6185,0.3164
5350161.0,0.6269,0.7031,0.8722,0.3932
5350162.0,0.3235,0.5995,0.6,0.0861
5350163.0,0.1867,0.9024,0.3625,0.3008
5350164.0,0.4969,0.9781,0.2973,0.0977
5350165.0,0.1306,0.1035,0.8792,0.6662
5350166.0,0.4153,0.0245,0.6528,0.3919
5350168.0,0.3782,0.4187,0.6396,0.3789
5350170.0,0.5783,0.5108,0.4813,0.3948
5350171.0,0.8765,0.4063,0.6036,0.4507
5350172.0,0.0911,0.5466,0.3526,0.5067
5350173.0,0.9348,0.3714,0.6274,0.1255
5350174.0,0.4334,0.2951,0.315,0.5565
5350176.0,0.5496,0.3223,0.4781,0.5469
5350180.0,0.197,0.384,0.4214,0.35
5350182.0,0.6794,0.5718,0.01,0.3422
5350186.0,0.4883,0.3324,0.4806,0.01
5350187.0,0.4677,0.368,0.3702,0.1734
5350188.0,0.0925,0.5226,0.5079,0.4378
5350189.0,0.4948,0.3842,0.5503,0.5401
5350191.0,0.6492,0.621,0.9036,0.4693
5350192.0,0.4327,0.2545,0.6109,0.3486
5350193.0,0.7148,0.2155,0.6168,0.6489
5350201.0,0.7066,0.4748,0.6491,0.5108
5350202.0,0.3518,0.4928,0.7244,0.3009
5350203.0,0.799,0.2643,0.6409,0.6873
5350204.0,0.4891,0.6618,0.6063,0.1956
5350205.0,0.4899,0.7665,0.6922,0.1392
5350207.0,0.4998,0.307,0.0647,0.2968
5350208.0,0.4939,0.6877,0.9678,0.2462
5350209.0,0.01,0.01,0.8679,0.3053
5350211.0,0.4429,0.6137,0.5934,0.4797
5350212.0,0.2072,0.2656,0.2674,0.3549
5350214.0,0.8053,0.5957,0.7921,0.3588
5350215.0,0.7972,0.247,0.4112,0.3688
5350216.0,0.6504,0.4077,0.6568,0.0132
5350217.0,0.4323,0.2742,0.2934,0.1327
5350218.0,0.2784,0.3815,0.99,0.3022
5350219.0,0.3485,0.7494,0.2616,0.2336
5350220.0,0.8685,0.4006,0.5638,0.3252
5350224.0,0.3416,0.7999,0.1256,0.5706
5350226.0,0.01,0.3506,0.5418,0.3488
5350227.0,0.686,0.6885,0.4649,0.1617
5350228.0,0.7801,0.1274,0.7774,0.241
5350229.0,0.8118,0.3684,0.4649,0.6166
5350231.0,0.6877,0.3235,0.7777,0.5899
5350232.0,0.7203,0.6968,0.3452,0.4494
5350233.0,0.4906,0.4533,0.4936,0.1256
5350234.0,0.0647,0.0441,0.4976,0.406
5350239.0,0.4856,0.1842,0.6491,0.4176
5350241.0,0.6043,0.2377,0.6237,0.3638
5350242.0,0.4529,0.5881,0.6944,0.2745
5350245.0,0.4438,0.5649,0.6034,0.3056
5350246.0,0.2872,0.3659,0.6823,0.264
5350261.0,0.2797,0.3213,0.3704,0.1882
5350264.0,0.8476,0.5489,0.6278,0.5649
5350265.0,0.8549,0.2167,0.8716,0.4923
5350266.0,0.4795,0.5024,0.214,0.3173
5350267.0,0.5363,0.4871,0.6478,0.4128
5350268.0,0.2838,0.3706,0.6854,0.4185
5350275.0,0.6085,0.4916,0.8422,0.7114
5350277.0,0.8319,0.4384,0.6952,0.4909
5350278.0,0.1742,0.5095,0.5701,0.4852
5350280.0,0.5728,0.1799,0.636,0.3657
5350282.0,0.5878,0.5306,0.403,0.2948
5350284.0,0.5855,0.6048,0.4724,0.5674
5350285.0,0.8086,0.4778,0.2829,0.4578
5350286.0,0.8872,0.5282,0.8474,0.2356
5350288.0,0.4333,0.4002,0.64,0.4281
5350289.0,0.6146,0.5804,0.3668,0.4856
5350292.0,0.4968,0.4317,0.6043,0.0456
5350293.0,0.3536,0.2134,0.7819,0.2216
5350295.0,0.5342,0.5676,0.7486,0.4144
5350296.0,0.6143,0.1259,0.3645,0.0713
5350298.0,0.5234,0.4709,0.01,0.0951
5350303.0,0.3038,0.3508,0.6291,0.3194
5350412.25,0.3873,0.3393,0.3726,0.4337
5350309.0,0.3888,0.451,0.6745,0.4407
5350313.0,0.3115,0.2923,0.7401,0.5974
5350319.0,0.5427,0.5122,0.7727,0.3723
5350412.26,0.5636,0.4302,0.8989,0.3041
5350330.0,0.6759,0.3089,0.7973,0.1639
5350332.0,0.3085,0.6609,0.8999,0.3023
5350333.0,0.3645,0.4569,0.8258,0.4661
5350334.0,0.7909,0.5335,0.8432,0.4729
5350335.0,0.4471,0.675,0.5418,0.3997
5350336.0,0.486,0.672,0.2921,0.4421
5350338.0,0.445,0.5244,0.99,0.5515
5350339.0,0.7066,0.3655,0.5626,0.3713
5350340.0,0.7144,0.1627,0.7957,0.5651
5350342.0,0.7026,0.4572,0.4399,0.251
5350343.0,0.4853,0.617,0.7428,0.349
5350413.01,0.3055,0.4838,0.061,0.2879
5350345.0,0.865,0.01,0.4679,0.4789
5350347.0,0.6513,0.5766,0.5303,0.2078
5350348.0,0.3887,0.5877,0.6425,0.3117
5350349.0,0.7648,0.3658,0.7644,0.081
5350350.0,0.3729,0.5979,0.3312,0.4492
5350413.02,0.7621,0.533,0.682,0.547
5350352.0,0.7757,0.2966,0.7953,0.4966
5350354.0,0.2957,0.6488,0.99,0.4819
5350356.0,0.5964,0.1919,0.6913,0.4859
5350359.0,0.6364,0.4097,0.4581,0.465
5350360.0,0.99,0.3917,0.2956,0.4522
5350481.02,0.3315,0.2714,0.9158,0.4618
5350365.0,0.7665,0.4747,0.6975,0.2616
5350366.0,0.4835,0.6559,0.5456,0.33
5350369.0,0.2317,0.6446,0.226,0.3705
5350371.0,0.456,0.5503,0.3638,0.3096
5350372.0,0.4805,0.1147,0.6763,0.1251
5350373.0,0.2682,0.1795,0.6208,0.1747
5350411.28,0.5424,0.4499,0.1607,0.3945
5350440.0,0.6716,0.4138,0.6765,0.4959
5350576.29,0.5276,0.3303,0.2363,0.3614
5350503.0,0.3716,0.763,0.8208,0.7747
5350504.0,0.4503,0.4391,0.5917,0.222
5350506.0,0.4791,0.5176,0.4573,0.4267
5350507.0,0.5235,0.5978,0.748,0.5537
5350508.0,0.702,0.4299,0.6207,0.5199
5350510.0,0.5344,0.8864,0.815,0.4583
5350512.0,0.1995,0.2507,0.5661,0.5205
5350411.29,0.3675,0.3109,0.5778,0.3683
5350484.02,0.5132,0.2503,0.4929,0.6094
5350517.0,0.7048,0.7013,0.6026,0.5525
5350518.0,0.7396,0.5644,0.8896,0.2322
5350519.0,0.8349,0.3221,0.4494,0.4082
5350522.0,0.5061,0.2645,0.6796,0.1279
5350523.0,0.6327,0.6693,0.3739,0.5883
5350560.0,0.1891,0.4851,0.1367,0.3936
5350561.0,0.566,0.6739,0.5915,0.5623
5350574.0,0.2649,0.4092,0.6241,0.3436
5350601.0,0.4675,0.5121,0.528,0.0816
5350602.0,0.99,0.474,0.2508,0.7556
5350603.0,0.5407,0.3077,0.6109,0.3797
5350604.0,0.3072,0.3941,0.6033,0.21
5350605.0,0.5616,0.2068,0.3722,0.5319
5350606.0,0.3766,0.5089,0.2793,0.6654
5350607.0,0.2879,0.557,0.4995,0.3296
5350608.0,0.9006,0.5982,0.6806,0.3451
5350609.0,0.6934,0.54,0.6333,0.3957
5350611.0,0.5491,0.3969,0.3738,0.1934
5350411.3,0.4016,0.6994,0.5774,0.2564
5350615.0,0.4178,0.5806,0.7274,0.6273
5350403.15,0.7885,0.6699,0.3155,0.3402
5350806.0,0.5413,0.6812,0.5626,0.2344
5350807.0,0.01,0.3974,0.8179,0.2922
5350811.0,0.9642,0.4898,0.295,0.5209
5350812.0,0.5166,0.5594,0.7811,0.0636
5350403.16,0.5487,0.2132,0.8738,0.3982
5350516.37,0.6973,0.2171,0.5056,0.7293
5350516.38,0.5731,0.1861,0.4814,0.6647
5350516.39,0.6294,0.4005,0.7566,0.446
5370006.0,0.99,0.5546,0.625,0.4836
5370007.0,0.99,0.7786,0.4431,0.1017
5370008.0,0.7971,0.5515,0.3873,0.4492
5370009.0,0.7901,0.7192,0.443,0.3825
5370010.0,0.99,0.5602,0.4876,0.6044
5370011.0,0.0597,0.7577,0.4087,0.6863
5370012.0,0.5086,0.2486,0.6607,0.6214
5370013.0,0.8236,0.9529,0.6719,0.8279
5370014.0,0.5391,0.3553,0.5264,0.425
5370015.0,0.9175,0.7746,0.6949,0.4158
5370016.0,0.6106,0.5401,0.4217,0.7783
5370017.0,0.6516,0.5745,0.5581,0.5866
5370018.0,0.5541,0.547,0.6209,0.4957
5370019.0,0.4946,0.6562,0.6238,0.9562
5370020.0,0.4887,0.7007,0.6032,0.6771
5370021.0,0.6851,0.8328,0.5462,0.5081
5370022.0,0.4341,0.9097,0.8114,0.3991
5370023.0,0.8488,0.673,0.3121,0.8418
5370024.0,0.7768,0.977,0.389,0.5955
5370025.0,0.8839,0.6205,0.3771,0.5554
5350516.4,0.3554,0.2333,0.5996,0.4245
5370027.0,0.2121,0.6943,0.0222,0.7436
5370028.0,0.619,0.4792,0.695,0.671
5370029.0,0.99,0.6399,0.2148,0.7445
5370030.0,0.9239,0.7107,0.454,0.6493
5370031.0,0.4869,0.5929,0.1356,0.6721
5370032.0,0.7219,0.6908,0.5441,0.389
5370033.0,0.7946,0.7904,0.2629,0.9483
5370034.0,0.2916,0.5949,0.1928,0.2786
5370035.0,0.9487,0.01,0.4589,0.6181
5370036.0,0.5798,0.9692,0.2799,0.2559
5370037.0,0.5982,0.5345,0.3052,0.5284
5370038.0,0.6257,0.4189,0.4544,0.4243
5370039.0,0.8947,0.3527,0.58,0.5799
5370040.0,0.4388,0.526,0.2563,0.6252
5370041.0,0.2103,0.4762,0.2218,0.3396
5370042.0,0.6975,0.4379,0.4247,0.5435
5370043.0,0.1295,0.4499,0.5279,0.8566
5370044.0,0.5477,0.7165,0.7126,0.2613
5370045.0,0.9048,0.99,0.2057,0.3621
5370046.0,0.759,0.7805,0.3564,0.7394
5370047.0,0.8702,0.847,0.6552,0.5671
5370048.0,0.7689,0.517,0.8146,0.5833
5370049.0,0.99,0.623,0.2214,0.7749
5370050.0,0.4788,0.6938,0.2722,0.3753
5370051.0,0.7156,0.4549,0.4962,0.4357
5370052.0,0.5149,0.5063,0.3045,0.4086
5370053.0,0.8496,0.788,0.2682,0.4734
5370054.0,0.6052,0.8399,0.4689,0.8447
5370055.0,0.99,0.6148,0.7299,0.1758
5370056.0,0.4926,0.3371,0.1581,0.2873
5370057.0,0.9577,0.535,0.7197,0.2495
5370058.0,0.7624,0.2829,0.305,0.8584
5370059.0,0.6122,0.6165,0.4892,0.4148
5370060.0,0.7502,0.6562,0.7382,0.4781
5370061.0,0.6827,0.5404,0.4851,0.1948
5370062.0,0.7054,0.6532,0.3605,0.4923
5370063.0,0.5704,0.6917,0.5636,0.7406
5370064.0,0.4516,0.6565,0.3854,0.6057
5370065.0,0.5396,0.3357,0.5243,0.5263
5370066.0,0.216,0.5443,0.3791,0.2057
5370067.0,0.8221,0.6902,0.5922,0.4779
5370068.0,0.3236,0.9473,0.1412,0.5823
5370069.0,0.5678,0.5402,0.2173,0.3318
5370070.0,0.7755,0.7212,0.1382,0.6941
5370071.0,0.8215,0.7932,0.4087,0.7447
5350516.41,0.1989,0.2454,0.6279,0.5746
5370073.0,0.598,0.8526,0.2816,0.7097
5350516.43,0.2983,0.4627,0.7609,0.3065
5350516.44,0.6948,0.5929,0.662,0.3195
5350520.09,0.3783,0.5697,0.6405,0.2845
5350528.44,0.5594,0.4003,0.6084,0.2595
5350528.45,0.1592,0.335,0.4556,0.2851
5350528.46,0.5063,0.4203,0.4896,0.6095
5370200.0,0.4911,0.769,0.3968,0.3365
5370201.0,0.198,0.8949,0.4123,0.4235
5370202.0,0.582,0.5296,0.6782,0.421
5370203.0,0.9153,0.7858,0.5956,0.5208
5370204.0,0.3168,0.9139,0.5051,0.4716
5350430.05,0.99,0.2986,0.2695,0.5543
5370206.0,0.4189,0.5641,0.5112,0.7344
5350528.47,0.713,0.5574,0.4338,0.5117
5370208.0,0.3274,0.5608,0.2953,0.3357
5370209.0,0.63,0.4205,0.7063,0.6974
5370210.0,0.5879,0.5521,0.6804,0.6716
5370211.0,0.2625,0.99,0.5075,0.3171
5370212.0,0.99,0.9779,0.0341,0.6731
5370213.0,0.5011,0.2833,0.1784,0.8419
5370214.0,0.5013,0.7223,0.2841,0.5392
5370215.0,0.8526,0.7758,0.3857,0.3282
5370216.0,0.99,0.5257,0.1699,0.7425
5370218.0,0.8903,0.6392,0.3707,0.9291
5370219.0,0.3317,0.6607,0.7735,0.355
5370220.0,0.6713,0.3037,0.5002,0.5586
5370221.0,0.1685,0.3731,0.4638,0.7898
5350528.49,0.606,0.1553,0.2057,0.5401
5350562.12,0.7642,0.5072,0.2124,0.413
5350562.13,0.4368,0.2748,0.4672,0.3464
5350562.14,0.4167,0.3236,0.5036,0.6203
5350430.06,0.3055,0.4824,0.6865,0.3623
5350430.07,0.546,0.3738,0.5443,0.5011
5350562.15,0.4206,0.2932,0.7187,0.6537
5350572.09,0.4252,0.0619,0.559,0.4853
5350572.1,0.4612,0.4861,0.5527,0.2104
5350573.1,0.5903,0.4342,0.4345,0.1741
5350573.11,0.3673,0.3269,0.8345,0.3154
5350576.31,0.3256,0.2333,0.2437,0.4664
5350576.33,0.5663,0.4223,0.6103,0.4267
5350576.34,0.01,0.5065,0.5137,0.6911
5350576.43,0.3593,0.4376,0.7064,0.4253
5350576.44,0.2497,0.7149,0.5458,0.3109
5350012.01,0.7207,0.5469,0.5517,0.19
5350034.01,0.3918,0.4007,0.4967,0.5371
5350034.02,0.3679,0.5529,0.8287,0.3591
5350299.01,0.4703,0.4288,0.5505,0.1341
5350299.02,0.3609,0.4281,0.9439,0.3633
5350305.03,0.3995,0.6533,0.6044,0.2106
5350307.03,0.4994,0.2583,0.5544,0.2962
5350307.04,0.3956,0.4242,0.5209,0.3609
5350307.05,0.3942,0.6341,0.6628,0.2242
5350307.06,0.278,0.4756,0.4323,0.2869
5350307.07,0.2492,0.3536,0.5791,0.2484
5350368.01,0.4921,0.1129,0.5516,0.2524
5350368.02,0.5413,0.0113,0.615,0.2088
5370002.06,0.5679,0.1698,0.5055,0.6563
5370080.06,0.6781,0.5086,0.6078,0.97
5370080.07,0.3447,0.5422,0.5942,0.7073
5370101.02,0.7694,0.3636,0.9553,0.7889
5370144.01,0.2261,0.7645,0.6636,0.471
5370144.02,0.1808,0.5519,0.4023,0.3136
5350430.08,0.917,0.2506,0.56,0.4616
5350013.01,0.4197,0.1656,0.7418,0.4274
5350013.02,0.2709,0.0411,0.4048,0.4711
5350012.03,0.1732,0.1324,0.8302,0.43
5350012.04,0.8311,0.6038,0.4091,0.3675
5350516.48,0.8338,0.2424,0.6412,0.3556
5350576.52,0.2951,0.5163,0.4971,0.2067
5350576.53,0.3345,0.5922,0.6404,0.4858
5350576.54,0.4152,0.423,0.503,0.3553
5350400.17,0.7249,0.3663,0.3921,0.5774
5350400.18,0.2225,0.4439,0.4957,0.4973
5350401.18,0.0867,0.345,0.8583,0.2661
5350401.19,0.9135,0.6367,0.6435,0.547
5350401.2,0.5425,0.7578,0.2922,0.01
5350401.21,0.5709,0.681,0.7691,0.6495
5350401.22,0.439,0.0327,0.3717,0.1592
5350401.23,0.5732,0.3413,0.6987,0.4343
5350402.12,0.1772,0.4207,0.6606,0.4241
5350402.13,0.3118,0.5034,0.6733,0.5286
5350403.09,0.501,0.1091,0.9206,0.3107
5350403.1,0.0258,0.1062,0.3843,0.0382
5350403.11,0.4195,0.6552,0.6722,0.3109
5350403.12,0.4072,0.3194,0.8019,0.3271
5350403.13,0.4195,0.1523,0.4213,0.0526
5350403.14,0.3698,0.2213,0.4008,0.3668
5350411.15,0.2808,0.4903,0.4926,0.1986
5350412.19,0.1156,0.2719,0.6149,0.4574
5350412.2,0.5089,0.4635,0.2679,0.3231
5350430.03,0.42,0.2438,0.6603,0.6542
5350576.55,0.2049,0.106,0.2683,0.3216
5350576.57,0.4925,0.6764,0.8087,0.4246
5350576.59,0.421,0.4917,0.6528,0.328
5350576.62,0.3878,0.3599,0.9326,0.1165
5350576.63,0.0486,0.3262,0.6838,0.3293
5350576.65,0.6166,0.6837,0.489,0.473
5350576.66,0.2334,0.5265,0.3903,0.4503
5370224.02,0.7646,0.8972,0.3968,0.5444
5350376.15,0.3183,0.3149,0.5439,0.1415
5350376.16,0.4023,0.4291,0.7872,0.4567
5350612.18,0.7105,0.4924,0.3643,0.4229
5350612.19,0.5863,0.321,0.9542,0.4865
5350612.2,0.706,0.4028,0.805,0.3189
5370223.13,0.4172,0.7619,0.2944,0.5387
5370223.14,0.6413,0.5562,0.4147,0.1996
5370223.15,0.5917,0.8035,0.3207,0.7475
5370223.16,0.99,0.4198,0.5486,0.2674
5350237.01,0.435,0.4759,0.2947,0.3643
5350237.02,0.7247,0.3834,0.9193,0.3532
5350237.03,0.3788,0.5009,0.2205,0.4226
5350249.01,0.533,0.3543,0.2619,0.2705
5350260.01,0.5252,0.2994,0.4231,0.2632
5350576.68,0.7115,0.5179,0.8145,0.3453
5350301.01,0.4533,0.5257,0.741,0.2219
5350576.69,0.6456,0.3287,0.5744,0.3256
5350304.01,0.139,0.3133,0.7538,0.6509
5350304.02,0.1572,0.3871,0.5269,0.5164
5350304.03,0.0233,0.3206,0.6345,0.4062
5350304.04,0.6372,0.6945,0.8803,0.5928
5350311.02,0.6147,0.477,0.5007,0.2363
5350311.03,0.6594,0.4226,0.3967,0.7336
5350311.04,0.3445,0.2521,0.6441,0.2909
5350312.02,0.3673,0.553,0.6981,0.6606
5350312.03,0.4558,0.3099,0.5721,0.6599
5350315.01,0.7687,0.3025,0.7507,0.097
5350315.02,0.8188,0.5591,0.5097,0.5801
5350316.01,0.6388,0.4897,0.5755,0.3174
5350805.16,0.5462,0.01,0.6249,0.2748
5350324.01,0.7471,0.3916,0.6075,0.4387
5350324.02,0.4288,0.4426,0.8727,0.2088
5350324.03,0.4018,0.3589,0.6239,0.4353
5350375.01,0.4542,0.4489,0.4892,0.2189
5350375.02,0.2843,0.0943,0.6556,0.3866
5350375.03,0.445,0.01,0.7518,0.5603
5350376.01,0.2565,0.2444,0.7048,0.418
5350376.02,0.685,0.4708,0.6938,0.306
5350400.02,0.5887,0.01,0.2504,0.4412
5350402.01,0.7659,0.2682,0.0515,0.149
5350402.02,0.1541,0.0739,0.8051,0.2342
5350402.03,0.8603,0.3763,0.6378,0.2955
5350422.02,0.1655,0.7724,0.5457,0.478
5350411.16,0.2403,0.3809,0.6889,0.4209
5350411.17,0.3558,0.4006,0.9355,0.4403
5350411.18,0.7415,0.5711,0.8327,0.3559
5350411.19,0.5251,0.4238,0.7424,0.2418
5350400.19,0.4312,0.3813,0.3727,0.5832
5350400.2,0.3215,0.5868,0.3986,0.2553
5370081.0,0.1455,0.5374,0.3981,0.7735
5370082.0,0.9265,0.273,0.6314,0.586
5370083.0,0.7186,0.2721,0.5081,0.6356
5350400.21,0.7505,0.3577,0.788,0.2692
5350400.22,0.5594,0.5851,0.6851,0.5179
5370121.0,0.6755,0.2565,0.3529,0.6166
5350805.17,0.2311,0.6416,0.4371,0.5087
5370124.0,0.5029,0.4393,0.3074,0.8009
5350424.14,0.4061,0.6781,0.5173,0.2947
5370131.0,0.1897,0.5197,0.6672,0.6629
5370132.0,0.3698,0.2554,0.2517,0.1678
5350424.15,0.6695,0.5116,0.2895,0.4922
5370141.0,0.4046,0.9084,0.3109,0.3396
5350424.16,0.5802,0.426,0.1628,0.3506
5370143.0,0.99,0.527,0.3261,0.7987
5350455.0,0.5153,0.3961,0.5495,0.2835
5350400.23,0.2124,0.5895,0.4786,0.4241
5350631.03,0.454,0.5133,0.3634,0.4075
5350631.04,0.01,0.2174,0.5505,0.7616
5350612.26,0.1664,0.2277,0.4411,0.5206
5350411.21,0.4155,0.4687,0.5226,0.4374
5350411.22,0.955,0.4818,0.9415,0.4463
5350411.23,0.1199,0.2986,0.5844,0.6359
5350452.05,0.2313,0.7064,0.6566,0.2144
5350452.06,0.5234,0.5664,0.4571,0.3326
5350612.27,0.8339,0.3074,0.3931,0.0739
5350452.07,0.5204,0.29,0.5454,0.4438
5350634.01,0.6204,0.379,0.99,0.4872
5350634.02,0.4125,0.3603,0.4925,0.2107
5350620.09,0.3779,0.6461,0.6223,0.5753
5350612.21,0.4964,0.5972,0.3843,0.2522
5350620.13,0.3483,0.4263,0.01,0.3086
5350612.22,0.6249,0.542,0.392,0.3779
5350612.23,0.1587,0.5681,0.99,0.5991
5350612.25,0.658,0.4305,0.6691,0.2313
5350620.05,0.4879,0.4925,0.8782,0.4037
5350620.06,0.4371,0.527,0.4805,0.4762
5350620.07,0.1514,0.5078,0.0786,0.4453
5370222.01,0.5967,0.6612,0.7204,0.4134
5370222.02,0.2724,0.1793,0.7965,0.3437
5370222.03,0.606,0.8559,0.3468,0.5877
5350411.24,0.5357,0.2928,0.5479,0.6132
5350411.25,0.3041,0.1548,0.444,0.3433
5350424.13,0.4742,0.5417,0.7379,0.3234
5350516.47,0.2056,0.4824,0.4497,0.5621
5350575.07,0.5,0.1789,0.6116,0.2654
5350575.08,0.5541,0.3766,0.5891,0.408
5350576.45,0.5441,0.3868,0.4763,0.2516
5350576.46,0.2993,0.4527,0.3737,0.7379
5350576.47,0.4116,0.2253,0.4645,0.7063
5350322.01,0.5874,0.1763,0.9247,0.3435
5350322.02,0.4377,0.5136,0.7725,0.438
5350576.49,0.4225,0.1439,0.7541,0.3608
5350576.5,0.8607,0.3781,0.3927,0.3077
5350442.04,0.2898,0.3613,0.2625,0.3779
5350442.05,0.6961,0.3978,0.7693,0.3539
5350442.06,0.2491,0.4655,0.731,0.1319
5350420.14,0.611,0.7077,0.5774,0.3995
5350420.15,0.6216,0.1321,0.4759,0.3537
5350804.12,0.3779,0.5778,0.2572,0.4068
5350804.13,0.2365,0.01,0.7235,0.3484
5370120.03,0.927,0.4268,0.4472,0.6825
5370120.04,0.6201,0.7037,0.3614,0.6062
5350378.25,0.5852,0.8586,0.3975,0.44
5350378.26,0.2645,0.3498,0.7982,0.5694
5350378.27,0.4994,0.6523,0.4216,0.4342
5350378.28,0.1847,0.6151,0.9058,0.3304
5370300.0,0.7315,0.2791,0.2769,0.99
5370302.0,0.6764,0.2599,0.5432,0.7046
5350805.18,0.4644,0.2693,0.559,0.6756
5350805.19,0.3798,0.5617,0.4727,0.4012
5350820.04,0.2419,0.3438,0.7752,0.6877
5350820.05,0.3482,0.2726,0.7272,0.2296
5350820.06,0.2932,0.5167,0.7676,0.1924
5350820.07,0.2172,0.2585,0.5869,0.4149
5350805.2,0.6965,0.3608,0.4587,0.4144
5350805.21,0.408,0.4393,0.5482,0.4107
5350355.05,0.0396,0.3044,0.4649,0.3879
5350355.06,0.3553,0.3315,0.8433,0.2658
5350337.01,0.6629,0.6963,0.7505,0.1372
5350337.02,0.3277,0.3832,0.5317,0.4025
5350260.06,0.7795,0.3553,0.3647,0.1676
5350260.07,0.3087,0.3885,0.8582,0.1534
5350183.01,0.5807,0.5018,0.5773,0.3029
5350183.02,0.6873,0.2339,0.524,0.4246
5350028.01,0.57,0.4969,0.8599,0.6582
5350028.02,0.2051,0.466,0.448,0.5069
5350063.03,0.2915,0.098,0.4862,0.575
5350063.04,0.714,0.743,0.5038,0.458
5350065.01,0.3191,0.6829,0.2867,0.415
5350050.01,0.6751,0.2759,0.6131,0.7359
5350097.01,0.3939,0.218,0.3975,0.1616
5350065.02,0.5083,0.461,0.4359,0.298
5350128.02,0.2028,0.1633,0.4091,0.3097
5350156.01,0.3583,0.6656,0.4326,0.494
5350156.02,0.3049,0.3357,0.3822,0.2132
5350169.01,0.5251,0.7119,0.5994,0.4745
5350169.02,0.4986,0.2716,0.5189,0.4469
5350175.01,0.5725,0.3998,0.5596,0.482
5350175.02,0.3819,0.6481,0.99,0.4793
5350184.01,0.294,0.3618,0.5189,0.5907
5350184.02,0.5165,0.469,0.671,0.3526
5350185.01,0.2741,0.6167,0.6937,0.4395
5350185.02,0.6957,0.3199,0.5374,0.2495
5350190.01,0.4571,0.1929,0.6048,0.2153
5350190.02,0.4148,0.1574,0.5541,0.6247
5350221.01,0.5724,0.525,0.5905,0.2382
5350221.02,0.4647,0.49,0.4327,0.4562
5350222.01,0.1484,0.6111,0.4512,0.4397
5350222.02,0.2677,0.3707,0.5534,0.5362
5350230.01,0.6915,0.1625,0.1556,0.1113
5350230.02,0.4968,0.01,0.8492,0.4937
5350235.01,0.1437,0.9362,0.9822,0.3513
5350235.02,0.5504,0.5148,0.5841,0.27
5350236.01,0.3681,0.4446,0.6831,0.3224
5350236.02,0.3051,0.4702,0.7662,0.5155
5350238.01,0.251,0.1624,0.2851,0.4697
5350238.02,0.68,0.2769,0.7357,0.3408
5350240.01,0.0869,0.7338,0.4647,0.1891
5350240.02,0.3125,0.5385,0.99,0.1997
5350243.01,0.504,0.2826,0.5123,0.473
5350243.02,0.7957,0.1992,0.7316,0.1683
5350063.05,0.5908,0.3272,0.5143,0.3423
5350248.02,0.3108,0.3632,0.9893,0.7622
5350250.01,0.7859,0.7888,0.4475,0.4289
5350250.02,0.209,0.3861,0.783,0.4713
5350262.01,0.5331,0.2059,0.6753,0.2008
5350262.02,0.5776,0.4095,0.6309,0.1759
5350270.01,0.3038,0.4676,0.5958,0.4794
5350270.02,0.6195,0.1895,0.4166,0.3176
5350273.01,0.3772,0.4924,0.0328,0.536
5350273.02,0.619,0.6376,0.7649,0.3815
5350276.01,0.1121,0.445,0.4522,0.8935
5350276.02,0.547,0.2765,0.7839,0.2892
5350279.01,0.3976,0.3248,0.6203,0.4184
5350279.02,0.7099,0.1214,0.7901,0.2409
5350283.01,0.4712,0.3959,0.7104,0.5298
5350283.02,0.7298,0.4759,0.0571,0.4411
5350287.02,0.5815,0.2586,0.673,0.2308
5350294.01,0.4545,0.7691,0.4813,0.3274
5350294.02,0.6375,0.5626,0.783,0.5808
5350297.01,0.6388,0.0973,0.6682,0.5628
5350297.02,0.5744,0.101,0.6706,0.1628
5350302.01,0.0215,0.2429,0.4956,0.3051
5350302.02,0.2835,0.7032,0.3675,0.6482
5350304.05,0.7568,0.5804,0.4634,0.3499
5350304.06,0.2288,0.7123,0.19,0.4025
5350308.02,0.6565,0.4218,0.4319,0.529
5350312.04,0.6213,0.3823,0.2572,0.1752
5350063.06,0.3348,0.1954,0.2625,0.234
5350317.02,0.081,0.4829,0.5733,0.3264
5350320.01,0.3662,0.3847,0.6568,0.5557
5350320.02,0.8956,0.3778,0.5436,0.528
5350323.01,0.3073,0.7112,0.4502,0.483
5350323.02,0.3211,0.3973,0.3605,0.3541
5350128.05,0.2805,0.6596,0.4866,0.5444
5350331.01,0.723,0.1341,0.3856,0.3521
5350128.06,0.4314,0.9039,0.5374,0.4617
5350196.01,0.3548,0.3528,0.2457,0.5118
5350341.02,0.7627,0.5473,0.6903,0.6295
5350346.01,0.5959,0.5759,0.4366,0.3666
5350346.02,0.2961,0.3305,0.6253,0.3206
5350196.02,0.2353,0.5674,0.7274,0.5693
5350353.02,0.7116,0.5768,0.6156,0.5808
5350195.01,0.4834,0.2916,0.7098,0.2935
5350355.02,0.1702,0.2938,0.1367,0.2092
5350357.01,0.1234,0.4282,0.4514,0.5579
5350357.02,0.2568,0.3992,0.7706,0.1287
5350358.01,0.2321,0.6708,0.6518,0.1211
5350358.02,0.0708,0.5465,0.9197,0.3348
5350358.03,0.2601,0.4073,0.8909,0.3754
5350195.02,0.2962,0.5291,0.6099,0.201
5350363.02,0.3875,0.0516,0.4996,0.3933
5350139.01,0.8186,0.3092,0.3583,0.4
5350364.01,0.4266,0.4718,0.4548,0.2879
5350364.02,0.4465,0.6208,0.4684,0.665
5350367.01,0.5819,0.456,0.4314,0.4245
5350367.02,0.4325,0.6825,0.3663,0.5293
5350370.01,0.56,0.5762,0.6303,0.1416
5350370.02,0.5361,0.3321,0.8893,0.1403
5350370.03,0.5045,0.3948,0.7367,0.429
5350374.01,0.99,0.4935,0.4855,0.6382
5350374.02,0.6622,0.3392,0.7528,0.2085
5350374.03,0.2637,0.6956,0.6193,0.3815
5350375.04,0.554,0.2204,0.5419,0.1747
5350375.05,0.3217,0.4769,0.5294,0.2522
5350139.02,0.5693,0.5524,0.51,0.389
5350377.02,0.205,0.3636,0.6802,0.2861
5350377.03,0.2584,0.323,0.5779,0.1642
5350287.03,0.5488,0.4063,0.4043,0.1608
5350378.02,0.6795,0.5662,0.3946,0.0771
5350378.03,0.5805,0.33,0.6112,0.4315
5350400.03,0.6508,0.2276,0.6357,0.4496
5350287.04,0.5548,0.6271,0.4874,0.4489
5350308.03,0.5145,0.4919,0.3236,0.2236
5350402.04,0.3793,0.6014,0.8002,0.5109
5350402.05,0.6426,0.5567,0.7577,0.466
5350402.06,0.685,0.8124,0.1525,0.3611
5350402.07,0.4674,0.6207,0.8179,0.3365
5350402.08,0.4566,0.2897,0.5082,0.2626
5350412.01,0.7983,0.5046,0.588,0.3888
5350412.02,0.4759,0.3197,0.7776,0.6026
5350421.01,0.4951,0.3383,0.8805,0.5307
5350423.01,0.5768,0.1657,0.7506,0.3216
5350423.02,0.4604,0.3685,0.5982,0.4408
5350442.02,0.3159,0.5181,0.2749,0.1948
5350451.01,0.5556,0.4081,0.1448,0.4695
5350451.02,0.4722,0.2221,0.7256,0.2354
5350452.01,0.8484,0.1459,0.8184,0.4635
5350452.02,0.6377,0.8001,0.3871,0.8054
5350456.01,0.3609,0.4785,0.496,0.2745
5350456.02,0.6258,0.2717,0.4385,0.7984
5350500.01,0.5416,0.5031,0.4332,0.4336
5350500.02,0.7419,0.8141,0.765,0.2476
5350501.01,0.3751,0.5317,0.5937,0.2407
5350501.02,0.5177,0.01,0.5042,0.7147
5350502.01,0.4602,0.8974,0.99,0.4339
5350502.02,0.4917,0.0871,0.2631,0.2751
5350505.01,0.303,0.3829,0.6596,0.3295
5350505.02,0.5952,0.216,0.3402,0.4246
5350509.01,0.5636,0.2868,0.5185,0.3587
5350509.02,0.737,0.4712,0.5797,0.4119
5350511.01,0.478,0.0472,0.7189,0.626
5350511.02,0.3976,0.4038,0.4978,0.1908
5350513.01,0.6379,0.6265,0.4766,0.4567
5350513.02,0.3212,0.2682,0.4942,0.3491
5350513.03,0.697,0.1697,0.334,0.2851
5350516.01,0.6966,0.3949,0.6765,0.5208
5350516.02,0.7315,0.3591,0.6063,0.1408
5350516.03,0.5553,0.3129,0.637,0.01
5350516.04,0.3827,0.2061,0.5361,0.3937
5350516.05,0.5018,0.5135,0.5114,0.3393
5350516.06,0.556,0.5271,0.7851,0.1571
5350291.03,0.368,0.2282,0.7544,0.1034
5350516.08,0.7466,0.2531,0.833,0.6496
5350516.09,0.596,0.4446,0.6245,0.4295
5350520.01,0.3016,0.2463,0.8205,0.3629
5350520.02,0.8566,0.4522,0.4668,0.6893
5350521.01,0.4995,0.6842,0.5098,0.5133
5350521.02,0.2612,0.4092,0.789,0.6254
5350521.03,0.3139,0.2015,0.7187,0.183
5350521.04,0.7776,0.4906,0.4919,0.1774
5350521.05,0.845,0.388,0.3407,0.4526
5350524.01,0.6819,0.393,0.5092,0.4222
5350524.02,0.7439,0.5056,0.413,0.5474
5350525.01,0.7233,0.5444,0.8949,0.1154
5350525.02,0.5914,0.4264,0.702,0.4655
5350526.01,0.5458,0.4091,0.3968,0.5084
5350526.02,0.588,0.7914,0.341,0.5004
5350527.02,0.6272,0.6361,0.3943,0.299
5350529.01,0.3317,0.57,0.4382,0.4378
5350529.02,0.6264,0.4436,0.5167,0.2437
5350531.01,0.7717,0.239,0.7729,0.3161
5350531.02,0.4387,0.6229,0.3567,0.2036
5350532.01,0.4174,0.446,0.99,0.2462
5350532.02,0.5753,0.3161,0.3613,0.3239
5350540.01,0.3501,0.3762,0.2682,0.2864
5350540.02,0.2166,0.2461,0.8877,0.2462
5350550.01,0.7095,0.6103,0.8143,0.1651
5350550.02,0.3898,0.5429,0.5135,0.6542
5350562.02,0.4837,0.4527,0.6263,0.2849
5350562.03,0.358,0.4123,0.6313,0.4095
5350562.04,0.7354,0.2975,0.5773,0.0962
5350562.05,0.6506,0.0366,0.2907,0.5636
5350562.06,0.4319,0.1657,0.0536,0.3851
5350562.07,0.244,0.2863,0.3811,0.2934
5350562.08,0.4106,0.2593,0.9132,0.2947
5350562.09,0.594,0.4721,0.9211,0.4904
5350563.01,0.5177,0.5661,0.4976,0.01
5350563.02,0.5018,0.3969,0.3584,0.2364
5350570.01,0.5223,0.6736,0.6056,0.3421
5350570.02,0.6318,0.2791,0.6378,0.3404
5350571.01,0.4716,0.3956,0.6701,0.7358
5350571.02,0.57,0.4108,0.0446,0.3094
5350291.04,0.2826,0.6166,0.99,0.5085
5350290.01,0.99,0.4391,0.7765,0.6317
5350575.01,0.4232,0.444,0.5104,0.4606
5350575.02,0.5207,0.1221,0.4063,0.2589
5350575.03,0.5933,0.258,0.7475,0.1673
5350575.04,0.3978,0.6173,0.6491,0.4718
5350290.02,0.4816,0.0464,0.5684,0.6068
5350096.01,0.4791,0.6617,0.6417,0.4419
5350096.02,0.2972,0.5099,0.5275,0.545
5350097.03,0.5677,0.2854,0.6304,0.7488
5350585.02,0.1502,0.2702,0.6953,0.4856
5350585.03,0.8305,0.7613,0.6187,0.1949
5350800.01,0.6386,0.6741,0.6082,0.3677
5350800.02,0.6078,0.3985,0.8286,0.5655
5350801.01,0.1327,0.4442,0.2306,0.3227
5350801.02,0.3215,0.3037,0.3904,0.5859
5350804.01,0.7579,0.4443,0.5553,0.35
5350097.04,0.99,0.2987,0.404,0.4102
5350810.01,0.7189,0.4059,0.4708,0.3074
5350810.02,0.6874,0.7459,0.8075,0.3839
5350810.03,0.585,0.4028,0.5202,0.3919
5350810.04,0.3105,0.2314,0.1842,0.1187
5370001.01,0.6072,0.3834,0.5082,0.3858
5370001.02,0.2021,0.8525,0.3459,0.2242
5350008.01,0.2379,0.283,0.5579,0.2989
5370002.01,0.3889,0.3,0.8144,0.8103
5370002.03,0.5068,0.7878,0.2291,0.2812
5370003.01,0.5688,0.5086,0.194,0.769
5370003.02,0.6294,0.7438,0.3826,0.7548
5370003.03,0.5375,0.8058,0.2663,0.405
5370003.04,0.6038,0.6604,0.4213,0.1138
5370004.01,0.6057,0.99,0.4511,0.3143
5370004.02,0.5127,0.2206,0.4669,0.419
5370005.01,0.4344,0.4201,0.3952,0.8892
5370005.02,0.8796,0.5437,0.2796,0.524
5370005.03,0.1149,0.99,0.5487,0.3285
5370026.01,0.5706,0.99,0.3977,0.5825
5370026.02,0.5075,0.8835,0.3209,0.265
5370026.03,0.7205,0.4253,0.716,0.6632
5370026.04,0.271,0.4509,0.3957,0.3349
5370026.05,0.5001,0.4177,0.6384,0.3668
5370072.01,0.5954,0.4276,0.6654,0.6326
5370072.02,0.8768,0.9284,0.6775,0.9351
5370072.03,0.6997,0.5464,0.5582,0.99
5370072.04,0.336,0.5755,0.4199,0.3212
5370080.01,0.503,0.7704,0.4072,0.4187
5350008.02,0.3937,0.2861,0.3804,0.1658
5370084.01,0.3318,0.6116,0.01,0.8071
5370084.02,0.6011,0.3587,0.5638,0.0739
5370207.01,0.6178,0.5352,0.4689,0.5692
5370207.02,0.5274,0.471,0.5851,0.4428
5370217.01,0.99,0.4596,0.3966,0.1267
5370217.02,0.5209,0.6496,0.553,0.2558
5350047.03,0.2712,0.7015,0.7263,0.1988
5350047.04,0.4199,0.1568,0.3566,0.4147
5350102.04,0.435,0.7187,0.7829,0.3275
5350102.05,0.2487,0.4774,0.521,0.4786
5350050.03,0.1066,0.0468,0.4279,0.2082
5350050.04,0.3459,0.7065,0.4913,0.3916
5350210.01,0.4087,0.595,0.3933,0.7304
5350200.01,0.1918,0.3429,0.2858,0.3241
5350200.02,0.5154,0.2464,0.7052,0.388
5350213.01,0.7126,0.1376,0.5059,0.1108
5350213.02,0.6484,0.8548,0.6734,0.2321
5350223.01,0.4547,0.2538,0.6074,0.429
5350223.02,0.1119,0.1926,0.6597,0.3105
5350484.03,0.6231,0.4682,0.1408,0.4522
5350484.04,0.5093,0.1252,0.3766,0.4237
5350007.01,0.5649,0.2433,0.6639,0.1623
5350007.02,0.8672,0.5991,0.295,0.5123
5350091.01,0.315,0.5036,0.6246,0.1736
5350091.02,0.01,0.3505,0.2719,0.2453
5350141.01,0.2693,0.4233,0.5533,0.3944
5350141.02,0.5772,0.3404,0.872,0.5951
5350181.01,0.4854,0.4088,0.7049,0.2094
5350181.02,0.2369,0.2829,0.1799,0.3822
5350206.01,0.1961,0.3156,0.7197,0.3834
5350206.02,0.4091,0.3101,0.9144,0.4586
5350244.01,0.2308,0.2893,0.99,0.5376
5350244.02,0.5841,0.6079,0.645,0.2994
5350263.02,0.3977,0.5586,0.2771,0.5118
5350271.01,0.3546,0.2522,0.6369,0.5595
5350271.02,0.3283,0.205,0.8692,0.6276
5350272.01,0.5326,0.3917,0.5126,0.4353
5350272.02,0.4885,0.808,0.7586,0.3836
5350274.01,0.5204,0.235,0.3821,0.2888
5350274.02,0.516,0.391,0.6245,0.1412
5350291.02,0.4656,0.436,0.0521,0.3183
5350302.03,0.2734,0.4004,0.3599,0.3769
5350310.01,0.3339,0.3375,0.5488,0.3436
5350310.02,0.4011,0.6279,0.4773,0.4497
5350312.05,0.893,0.5018,0.2899,0.1419
5350314.01,0.2102,0.5722,0.4501,0.3327
5350314.02,0.3962,0.5261,0.6159,0.6592
5350315.03,0.4997,0.5809,0.5328,0.5093
5350316.03,0.4193,0.7052,0.5622,0.4524
5350316.04,0.6948,0.6596,0.6964,0.4186
5350317.03,0.4183,0.8385,0.4814,0.3052
5350361.01,0.4331,0.6391,0.8218,0.0969
5350361.02,0.6429,0.2995,0.3521,0.4286
5350362.01,0.8421,0.5725,0.9356,0.01
5350362.02,0.7615,0.5479,0.7726,0.3112
5350362.03,0.4527,0.7657,0.4788,0.3595
5350376.05,0.4701,0.2459,0.4921,0.2929
5350376.06,0.4893,0.5204,0.5913,0.6857
5350376.04,0.5094,0.2974,0.6697,0.6337
5350377.04,0.3105,0.5123,0.7689,0.5149
5350400.04,0.6673,0.3813,0.2819,0.2212
5350400.08,0.5213,0.5063,0.6375,0.6482
5350400.06,0.471,0.1661,0.1267,0.4528
5350400.07,0.2258,0.5628,0.5145,0.2187
5350401.04,0.4925,0.4571,0.8408,0.3649
5350401.05,0.1014,0.4474,0.2665,0.5038
5350401.06,0.3637,0.771,0.2302,0.2702
5350401.07,0.3674,0.3512,0.5942,0.3811
5350401.08,0.5374,0.4816,0.8275,0.4075
5350402.09,0.856,0.438,0.6151,0.1949
5350402.1,0.5944,0.4556,0.1691,0.3195
5350410.02,0.7697,0.8199,0.2134,0.2062
5350410.03,0.609,0.4315,0.5695,0.4903
5350410.04,0.705,0.3179,0.3142,0.2238
5350411.01,0.8514,0.7568,0.5773,0.4038
5350412.04,0.3336,0.3646,0.5892,0.1515
5350431.01,0.3206,0.1311,0.452,0.19
5350431.02,0.6138,0.2866,0.913,0.1827
5350441.02,0.4793,0.1956,0.6681,0.3166
5350450.02,0.5241,0.096,0.7923,0.3871
5350451.03,0.4303,0.3547,0.7341,0.4147
5350452.03,0.3607,0.4074,0.52,0.0942
5350456.03,0.8042,0.6325,0.5111,0.3347
5350460.01,0.26,0.5333,0.4905,0.2474
5350460.02,0.6173,0.5251,0.6862,0.4401
5350461.01,0.5848,0.2592,0.4199,0.3199
5350461.02,0.1642,0.5793,0.895,0.3479
5350513.04,0.3138,0.6704,0.4008,0.2483
5350515.01,0.3475,0.491,0.5929,0.6187
5350515.02,0.5929,0.4961,0.5042,0.1675
5350516.11,0.4066,0.1924,0.4598,0.3
5350527.04,0.4629,0.6098,0.9845,0.3761
5350572.01,0.1885,0.7405,0.4622,0.3223
5350575.05,0.9452,0.4781,0.4891,0.2454
5350576.04,0.4942,0.313,0.4172,0.0882
5350576.05,0.5798,0.3908,0.5582,0.2563
5350612.01,0.3719,0.3443,0.5297,0.2161
5350613.01,0.3495,0.3551,0.3261,0.6119
5370080.03,0.6584,0.9785,0.4988,0.4571
5370207.03,0.9281,0.5594,0.4262,0.2064
5370207.04,0.7386,0.9478,0.5996,0.5317
5370223.01,0.5458,0.4383,0.3793,0.4789
5370223.02,0.5263,0.6041,0.4313,0.7061
5350378.06,0.3524,0.3299,0.4778,0.2776
5350378.08,0.2828,0.3187,0.4495,0.2657
5350378.07,0.4871,0.3864,0.3661,0.2849
5350378.04,0.01,0.743,0.2387,0.3068
5350378.05,0.4169,0.7719,0.4095,0.163
5350476.01,0.4619,0.5706,0.7308,0.2547
5350476.02,0.2081,0.4414,0.4651,0.513
5350470.0,0.7826,0.1749,0.4808,0.355
5350471.0,0.3611,0.4596,0.4769,0.3788
5350472.0,0.4325,0.2778,0.7989,0.0252
5350474.0,0.3616,0.7135,0.3643,0.5022
5350475.0,0.4637,0.1309,0.6054,0.2572
5350482.0,0.7416,0.4892,0.5363,0.5286
5350590.0,0.9746,0.2626,0.5636,0.3831
5350830.0,0.6291,0.4183,0.5989,0.2757
5350832.0,0.6976,0.5399,0.5614,0.1083
5350621.0,0.8233,0.604,0.7086,0.6862
5350622.0,0.5298,0.4091,0.5441,0.4805
5350623.0,0.7941,0.557,0.8989,0.4895
5350624.0,0.6385,0.3008,0.5589,0.6328
5350625.0,0.5088,0.4642,0.2093,0.3936
5350626.0,0.5501,0.6004,0.6777,0.5629
5350630.0,0.1157,0.4798,0.6284,0.2882
5350632.0,0.5384,0.3247,0.5565,0.4706
5350633.0,0.1713,0.3698,0.4981,0.2655
5350635.0,0.1549,0.6028,0.1271,0.2844
5350636.0,0.5186,0.2235,0.1606,0.3746
5350637.0,0.2572,0.25,0.8795,0.1699
5350638.0,0.4786,0.5283,0.4329,0.4094
5350639.0,0.5077,0.341,0.7431,0.3132
5350412.21,0.5166,0.1584,0.2294,0.0619
5350412.22,0.2992,0.6631,0.3406,0.2914
5350412.24,0.6597,0.2221,0.6857,0.3082
5370133.01,0.899,0.747,0.489,0.445
5370133.02,0.8802,0.5242,0.7427,0.8243
5350483.01,0.2407,0.3664,0.5473,0.5771
5350600.01,0.4443,0.2608,0.5085,0.438
5350600.02,0.6995,0.5486,0.414,0.2769
5350612.03,0.674,0.4399,0.3112,0.3512
5350612.05,0.3205,0.5971,0.8305,0.3078
5350612.08,0.3709,0.3103,0.8635,0.4332
5350612.1,0.2823,0.8039,0.3423,0.369
5350483.02,0.3487,0.0772,0.3292,0.2657
5350362.04,0.2002,0.1347,0.4804,0.3613
5350376.08,0.4524,0.7356,0.6181,0.4292
5350376.09,0.6066,0.5053,0.5136,0.209
5350249.03,0.323,0.4814,0.6499,0.4076
5350420.03,0.4619,0.4976,0.5402,0.1232
5350411.04,0.4359,0.5228,0.5271,0.5258
5350248.03,0.691,0.474,0.99,0.4391
5350412.06,0.3577,0.2461,0.445,0.6044
5350412.08,0.365,0.5673,0.878,0.1925
5350401.11,0.3108,0.5389,0.8394,0.53
5350401.13,0.2525,0.6771,0.6508,0.5004
5350401.09,0.5858,0.7376,0.1648,0.3327
5350401.1,0.453,0.4795,0.5562,0.3035
5350400.11,0.491,0.199,0.4471,0.1972
5350400.12,0.7349,0.7391,0.554,0.1581
5350167.01,0.7464,0.2367,0.3374,0.2473
5350167.02,0.1508,0.4808,0.7013,0.1716
5350410.07,0.6096,0.3738,0.747,0.5994
5350442.03,0.5251,0.3425,0.784,0.1347
5350378.11,0.3877,0.5576,0.4736,0.3823
5350378.12,0.5455,0.464,0.3381,0.4254
5350378.14,0.1347,0.5124,0.6203,0.4136
5350410.05,0.7725,0.2732,0.9012,0.4268
5350527.05,0.583,0.3887,0.5639,0.502
5350527.06,0.307,0.2815,0.6405,0.2931
5350527.07,0.3629,0.3842,0.503,0.3731
5350527.08,0.1394,0.3986,0.4493,0.316
5350527.09,0.4172,0.752,0.6817,0.5554
5350521.06,0.3835,0.3733,0.5288,0.675
5350516.16,0.215,0.0374,0.6307,0.1809
5350528.01,0.6353,0.6711,0.6515,0.0553
5350573.03,0.7354,0.5009,0.6195,0.4454
5350562.11,0.4745,0.3964,0.6616,0.5206
5350564.01,0.4189,0.3413,0.3794,0.6535
5350564.02,0.567,0.2496,0.3672,0.4707
5350587.01,0.4761,0.7688,0.5415,0.5694
5350587.02,0.2636,0.4293,0.5463,0.609
5350576.06,0.3495,0.1072,0.4455,0.5797
5350576.07,0.4207,0.479,0.5982,0.4922
5350804.05,0.5296,0.6371,0.7316,0.1677
5350810.05,0.4819,0.4482,0.7875,0.3587
5350591.01,0.5221,0.2577,0.8325,0.405
5370001.04,0.7719,0.2914,0.2336,0.6228
5370001.05,0.6859,0.5238,0.4313,0.6044
5370001.06,0.3857,0.3098,0.7402,0.4767
5370085.01,0.8387,0.4394,0.5195,0.01
5370085.02,0.2942,0.603,0.3967,0.8877
5370085.03,0.2439,0.4837,0.8711,0.3972
5370001.07,0.4859,0.8517,0.6518,0.4969
5370084.03,0.99,0.6499,0.5833,0.5015
5370084.04,0.99,0.4982,0.4835,0.3776
5370026.06,0.5117,0.5706,0.5661,0.6029
5370002.04,0.4582,0.8683,0.5725,0.5403
5370084.05,0.2263,0.8,0.01,0.3924
5350591.02,0.5654,0.5062,0.434,0.0786
5370205.01,0.6589,0.4503,0.3878,0.5427
5370205.02,0.8095,0.7045,0.32,0.7541
5370223.05,0.8386,0.6777,0.3809,0.2551
5370223.06,0.5726,0.3689,0.1088,0.3728
5370303.01,0.7534,0.7648,0.0591,0.7096
5350612.11,0.237,0.6746,0.2516,0.4305
5350612.12,0.7305,0.2,0.7399,0.3105
5350592.01,0.3792,0.3825,0.5737,0.1817
5350592.02,0.5469,0.5711,0.3463,0.3513
5350612.13,0.6483,0.7588,0.9404,0.5168
5350612.14,0.5748,0.7408,0.9197,0.366
5350614.01,0.0407,0.2768,0.1352,0.3703
5350614.02,0.6191,0.6495,0.5854,0.3111
5350514.01,0.4599,0.4306,0.6911,0.2266
5350514.02,0.4142,0.608,0.6383,0.2216
5350516.17,0.4582,0.5619,0.8531,0.1107
5350516.18,0.158,0.1925,0.8115,0.5372
5350516.2,0.5184,0.519,0.603,0.4294
5350516.21,0.2071,0.601,0.99,0.3724
5350516.22,0.4228,0.4164,0.7374,0.4043
5350516.23,0.5113,0.3757,0.4797,0.4109
5350613.03,0.6948,0.1371,0.4395,0.2498
5350613.04,0.3161,0.5431,0.7987,0.3112
5350576.09,0.7703,0.4576,0.3914,0.2889
5370223.07,0.7951,0.4849,0.3667,0.6192
5350585.05,0.3941,0.3613,0.5021,0.513
5350516.24,0.2583,0.4478,0.6211,0.3852
5350516.25,0.1912,0.3194,0.5113,0.5649
5350516.26,0.5344,0.4205,0.2866,0.546
5350516.28,0.3325,0.105,0.7824,0.1529
5350516.29,0.7199,0.6629,0.4691,0.3266
5350520.05,0.3441,0.4229,0.954,0.3576
5350528.11,0.2999,0.2221,0.6108,0.4517
5350528.12,0.5267,0.01,0.8034,0.3264
5350528.13,0.3428,0.6052,0.6762,0.3452
5350528.15,0.4817,0.5205,0.813,0.2908
5350528.16,0.6772,0.4579,0.6641,0.5173
5350528.18,0.5034,0.5755,0.597,0.1435
5350528.19,0.5042,0.575,0.7686,0.2959
5350528.2,0.521,0.455,0.99,0.0834
5350528.21,0.1414,0.3742,0.496,0.2056
5350528.22,0.5584,0.3449,0.709,0.4076
5350610.03,0.512,0.4958,0.549,0.4104
5350610.04,0.6586,0.6715,0.6512,0.313
5350572.04,0.6012,0.4015,0.5584,0.5286
5350572.05,0.4396,0.6858,0.1185,0.5631
5350528.24,0.6865,0.4872,0.51,0.3496
5350528.26,0.4215,0.4885,0.7499,0.3976
5350528.31,0.5294,0.8529,0.397,0.2921
5350573.05,0.4178,0.7175,0.7342,0.454
5350585.07,0.5724,0.7221,0.5867,0.1809
5350585.08,0.4047,0.2764,0.5117,0.6294
5350572.07,0.8095,0.8146,0.7312,0.531
5350572.08,0.8835,0.4052,0.6862,0.1802
5350411.26,0.6548,0.3791,0.6341,0.2416
5350411.27,0.7883,0.0313,0.7532,0.4232
5370080.05,0.4301,0.7844,0.464,0.99
5370122.01,0.8038,0.7795,0.2433,0.2722
5370122.02,0.5708,0.7312,0.4844,0.6279
5370130.02,0.4462,0.5964,0.4909,0.3772
5370130.03,0.792,0.3415,0.5223,0.99
5370142.01,0.8495,0.5831,0.6272,0.8227
5370142.02,0.6155,0.6387,0.2968,0.6121
5350062.01,0.9108,0.2359,0.6478,0.1576
5350377.06,0.7362,0.6989,0.7436,0.673
5350377.07,0.6971,0.0955,0.2347,0.5248
5350047.02,0.5252,0.4575,0.5285,0.417
5350102.02,0.3114,0.3063,0.267,0.457
5350102.03,0.4945,0.3394,0.4783,0.1816
5350136.01,0.9011,0.327,0.8733,0.0893
5350136.02,0.4096,0.2554,0.7686,0.3537
5350249.04,0.389,0.1933,0.6825,0.5668
5350249.05,0.7015,0.3404,0.5137,0.4194
5350080.01,0.7147,0.4409,0.3513,0.6164
5350080.02,0.3104,0.6295,0.5874,0.5582
5350072.01,0.4277,0.4732,0.7721,0.3631
5350072.02,0.3796,0.63,0.632,0.5376
5350159.01,0.4939,0.1539,0.2329,0.5884
5350159.02,0.7007,0.3421,0.5709,0.348
5350225.01,0.3192,0.548,0.1673,0.3279
5350225.02,0.6979,0.4818,0.7108,0.3811
5350260.04,0.5003,0.265,0.4114,0.01
5350260.05,0.9452,0.5881,0.3054,0.4021
5350247.01,0.5438,0.3244,0.7136,0.4681
5350247.02,0.4606,0.2801,0.6619,0.3817
5350248.04,0.5949,0.5077,0.5965,0.4117
5350248.05,0.4126,0.4211,0.9883,0.3535
5350281.01,0.1209,0.3259,0.677,0.0604
5350281.02,0.4319,0.3198,0.421,0.6094
5350301.03,0.4287,0.2274,0.6538,0.3048
5350301.04,0.1615,0.3488,0.4928,0.2673
5350263.03,0.4654,0.618,0.8034,0.5637
5350263.04,0.0666,0.464,0.6062,0.5068
5350305.01,0.4105,0.5925,0.626,0.401
5350306.01,0.5287,0.5129,0.2615,0.4754
5350306.02,0.4994,0.3098,0.5623,0.1868
5350312.06,0.3978,0.1232,0.5387,0.3479
5350312.07,0.4629,0.2532,0.3452,0.5542
5350316.05,0.3232,0.2992,0.5057,0.2584
5350316.06,0.4822,0.2853,0.6372,0.2103
5350321.01,0.4916,0.5966,0.5491,0.3718
5350321.02,0.3,0.5947,0.2676,0.3753
5350324.05,0.5335,0.8181,0.4954,0.4571
5350324.06,0.5323,0.2825,0.4564,0.1533
5350331.03,0.4468,0.7075,0.5887,0.01
5350331.04,0.9642,0.7064,0.5671,0.4982
5350351.01,0.4519,0.3782,0.4677,0.1976
5350351.02,0.4242,0.5052,0.4599,0.2685
5350353.03,0.3955,0.6433,0.5634,0.0325
5350353.04,0.2858,0.4094,0.7426,0.5134
5350355.04,0.6172,0.3954,0.6057,0.4126
5350363.04,0.3428,0.3071,0.8346,0.4065
5350363.05,0.3664,0.01,0.7766,0.4055
5350376.11,0.3724,0.4327,0.8493,0.051
5350376.12,0.283,0.2922,0.8237,0.2122
5350376.13,0.1298,0.2264,0.8626,0.2922
5350376.14,0.3874,0.496,0.3194,0.2477
5350378.16,0.6547,0.1588,0.6795,0.3193
5350378.17,0.5194,0.5651,0.7937,0.3969
5350802.01,0.7921,0.507,0.8298,0.511
5350802.02,0.6302,0.348,0.3959,0.138
5350311.05,0.5848,0.4086,0.6815,0.3587
5350311.06,0.8565,0.2058,0.565,0.4667
5350378.18,0.4606,0.5551,0.9194,0.2214
5350378.19,0.4926,0.4537,0.2725,0.3311
5350378.2,0.4777,0.4671,0.3961,0.43
5350378.21,0.7888,0.5103,0.1879,0.3617
5350378.22,0.4805,0.3044,0.5789,0.4611
5350194.01,0.3503,0.1466,0.99,0.3742
5350194.02,0.5975,0.5923,0.5411,0.3132
5350194.03,0.3167,0.544,0.5702,0.1841
5350194.04,0.5867,0.3236,0.66,0.3971
5350317.04,0.5628,0.4936,0.5267,0.375
5350317.05,0.4421,0.6464,0.6232,0.2111
5350341.03,0.5932,0.625,0.6284,0.4473
5350341.04,0.1824,0.3184,0.3809,0.5502
5350250.04,0.5126,0.152,0.5312,0.261
5350250.05,0.3874,0.1829,0.6984,0.2509
5350269.01,0.99,0.3639,0.7357,0.2454
5350269.02,0.5112,0.6832,0.8097,0.1082
5350344.01,0.3607,0.2889,0.6171,0.6607
5350344.02,0.2043,0.3127,0.6212,0.2927
5350804.06,0.7411,0.309,0.7,0.2312
5350804.07,0.41,0.3243,0.431,0.191
5350803.03,0.3217,0.418,0.4228,0.3018
5350803.04,0.5473,0.1896,0.525,0.2557
5350803.05,0.6099,0.6152,0.295,0.5757
5350803.06,0.6068,0.3939,0.6314,0.1727
5350805.04,0.484,0.8662,0.7598,0.1292
5350805.06,0.5118,0.2088,0.408,0.4428
5350804.08,0.5264,0.7062,0.637,0.3439
5350831.01,0.5473,0.6704,0.4242,0.3266
5350831.02,0.565,0.3459,0.3467,0.4439
5350480.01,0.6989,0.3489,0.9611,0.3805
5350485.02,0.4913,0.2542,0.3496,0.353
5350401.14,0.3166,0.2562,0.2941,0.1492
5350401.15,0.4511,0.4199,0.5929,0.1098
5350403.01,0.6308,0.4237,0.6037,0.2549
5350410.09,0.1227,0.1316,0.6834,0.1973
5350410.1,0.1238,0.8328,0.9502,0.4004
5350410.11,0.6637,0.3733,0.3946,0.0902
5350410.12,0.784,0.4318,0.4343,0.2929
5350410.13,0.227,0.3073,0.8718,0.334
5350412.1,0.5001,0.3719,0.7378,0.3541
5350412.11,0.4001,0.3556,0.71,0.4198
5350421.04,0.4278,0.4195,0.432,0.311
5350421.05,0.5411,0.4174,0.7752,0.2599
5350421.06,0.2214,0.5649,0.7106,0.5467
5350421.07,0.2586,0.4609,0.5879,0.312
5350410.14,0.4197,0.5468,0.433,0.5729
5350410.15,0.4509,0.4182,0.5713,0.3112
5350420.05,0.2548,0.4616,0.8797,0.3576
5350420.06,0.6379,0.3766,0.3312,0.3392
5350420.08,0.3965,0.6006,0.39,0.3947
5350420.09,0.3956,0.4781,0.4244,0.297
5350420.1,0.5365,0.3915,0.4678,0.3744
5350420.11,0.4542,0.3862,0.5469,0.5896
5350424.04,0.6475,0.4003,0.7417,0.5173
5350424.05,0.2933,0.4255,0.6423,0.5184
5350441.03,0.2005,0.4099,0.5622,0.1587
5350441.04,0.418,0.3194,0.6054,0.183
5350450.03,0.492,0.5577,0.6748,0.3927
5350473.01,0.2318,0.5691,0.2137,0.4756
5350473.02,0.2024,0.7411,0.7643,0.2821
5350473.03,0.5165,0.3113,0.3847,0.2554
5350820.03,0.3284,0.54,0.4613,0.5691
5350481.03,0.1895,0.0764,0.6181,0.4629
5350481.04,0.6731,0.5692,0.5349,0.5187
5350481.05,0.3536,0.1578,0.6474,0.2938
5350480.03,0.71,0.2428,0.5784,0.282
5350480.04,0.4857,0.4798,0.4921,0.5023
5350480.05,0.539,0.3081,0.8558,0.3206
5350480.06,0.4377,0.2835,0.6916,0.2684
5350528.5,0.01,0.3327,0.6104,0.223
5350528.51,0.2526,0.5513,0.6885,0.2833
5350528.52,0.4549,0.2521,0.4089,0.4913
5350528.53,0.5529,0.4103,0.985,0.1336
5350576.73,0.1221,0.3518,0.3325,0.4544
5350576.74,0.4693,0.5676,0.5726,0.2538
5350576.75,0.2555,0.5726,0.4927,0.3285
5350576.76,0.5269,0.0896,0.4851,0.3381
5350576.77,0.4761,0.6081,0.4591,0.3269
5350576.78,0.6287,0.3101,0.3957,0.3169
5350576.79,0.6934,0.4625,0.7877,0.2933
5350576.8,0.5718,0.251,0.3091,0.2743
5350576.81,0.6521,0.4868,0.7467,0.558
5350576.82,0.4099,0.8792,0.6797,0.3638
5350576.83,0.99,0.4429,0.4738,0.3411
5350576.84,0.2362,0.3372,0.6565,0.2633
5350576.85,0.3744,0.3782,0.5184,0.2988
5350576.86,0.6603,0.1556,0.3298,0.2638
5350576.87,0.6305,0.6808,0.3319,0.4748
5350576.88,0.5775,0.4763,0.6811,0.247
5350576.89,0.6151,0.2312,0.6707,0.0231
5350576.9,0.0633,0.2371,0.5984,0.3687
5350576.91,0.7979,0.4228,0.4717,0.3181
5350576.92,0.4392,0.5878,0.5119,0.2721
5350576.93,0.7292,0.2128,0.4849,0.4967
5350576.94,0.0733,0.6204,0.2006,0.01
5350576.95,0.5313,0.4035,0.5623,0.5964
5350576.96,0.3673,0.2526,0.6545,0.5182
5350576.97,0.5944,0.3358,0.5635,0.2658
5350576.98,0.5434,0.7347,0.9038,0.2924
5350576.99,0.5532,0.1701,0.3491,0.4357
5350577.0,0.2682,0.2883,0.4178,0.4397
5350577.01,0.4686,0.5915,0.5766,0.2649
5350577.02,0.444,0.459,0.5988,0.1175
5350577.03,0.5791,0.2776,0.1698,0.6771
5350577.04,0.6779,0.5937,0.6705,0.5034
5350577.05,0.5101,0.6022,0.5997,0.3835
5350577.06,0.2248,0.4797,0.1261,0.3864
5350485.03,0.5015,0.3098,0.5267,0.4532
5350485.04,0.99,0.3375,0.3883,0.4712
5350485.05,0.8092,0.4712,0.4593,0.047
5350586.03,0.01,0.1839,0.2824,0.3074
5350586.04,0.4927,0.659,0.6332,0.2918
5350586.05,0.6664,0.726,0.9024,0.3358
5350516.5,0.4435,0.3775,0.603,0.4756
5350516.51,0.388,0.4841,0.1181,0.0915
5350520.11,0.4266,0.6334,0.6071,0.1576
5350520.12,0.5904,0.772,0.5111,0.2577
5350528.54,0.2503,0.7003,0.3298,0.3832
5350528.55,0.7177,0.1076,0.6207,0.4848
5350516.52,0.4688,0.3632,0.726,0.6047
5350516.53,0.293,0.5101,0.4163,0.317
5350527.1,0.7049,0.331,0.2213,0.4846
5350527.11,0.171,0.7409,0.1477,0.4665
5350527.12,0.369,0.7133,0.4169,0.4413
5350527.13,0.3657,0.2731,0.5189,0.3564
5350528.56,0.9088,0.3908,0.4468,0.3001
5350528.57,0.343,0.2851,0.4133,0.2002
5350528.58,0.049,0.3849,0.6636,0.1903
5350528.59,0.3636,0.3794,0.6426,0.4121
5350516.54,0.5711,0.5918,0.5899,0.3518
5350516.55,0.6368,0.2601,0.7133,0.2977
5350528.6,0.9353,0.01,0.4187,0.4597
5350528.61,0.7614,0.1312,0.3311,0.3299
5350528.62,0.5176,0.2349,0.4455,0.223
5350528.63,0.3017,0.302,0.4317,0.32
5350577.07,0.8048,0.4537,0.1397,0.4831
5350577.08,0.4063,0.2256,0.4409,0.2065
5350577.09,0.3484,0.202,0.771,0.3914
5370223.17,0.063,0.3248,0.2559,0.2172
5370223.18,0.8195,0.1065,0.6891,0.6327
5370223.19,0.5301,0.7007,0.5665,0.959
5370223.2,0.5573,0.135,0.4052,0.6547
5370224.03,0.8194,0.7879,0.3264,0.8107
5370224.04,0.9553,0.9429,0.4928,0.4433
5370224.05,0.7483,0.5639,0.5521,0.3583
5350620.14,0.1592,0.3219,0.5555,0.3462
5350620.15,0.5219,0.5656,0.4158,0.2742
5350620.16,0.4945,0.3922,0.6604,0.5341
5350620.17,0.3691,0.6091,0.4623,0.2052
5350620.18,0.3865,0.2126,0.3825,0.2478
5350620.19,0.5577,0.4111,0.3769,0.0856
5350620.2,0.7581,0.3163,0.6143,0.5564
5350620.21,0.324,0.1993,0.5912,0.6409
5350620.22,0.4978,0.4078,0.8533,0.109
5350620.23,0.6717,0.7319,0.492,0.2376
5350620.24,0.3248,0.2665,0.4886,0.3705
5350620.25,0.4769,0.3971,0.8379,0.2826
5350620.26,0.4724,0.1838,0.7471,0.3553
5350620.27,0.2177,0.1573,0.579,0.3424
5350620.28,0.5137,0.2783,0.2378,0.4211
5350620.29,0.4863,0.339,0.3876,0.2159
5350612.28,0.591,0.347,0.3392,0.3889
5350612.29,0.2426,0.3793,0.5573,0.1926
5350610.05,0.482,0.1233,0.4483,0.2982
5350610.06,0.7563,0.3073,0.8706,0.0995
5350011.01,0.8955,0.5103,0.2357,0.2993
5350011.02,0.736,0.1755,0.3177,0.2741
5350011.03,0.2446,0.3561,0.5989,0.5015
5350044.01,0.5702,0.4727,0.6543,0.3511
5350044.02,0.3834,0.2792,0.0326,0.3784
5350300.01,0.5368,0.4815,0.2029,0.3566
5350300.02,0.3256,0.1462,0.4973,0.0406
5350300.03,0.1373,0.5799,0.8212,0.0605
5350318.01,0.4111,0.4858,0.9276,0.3122
5350318.02,0.6245,0.43,0.4671,0.4018
5350305.05,0.5376,0.6225,0.5159,0.3248
5350305.06,0.5606,0.3607,0.3826,0.2304
5350377.08,0.5233,0.3088,0.6766,0.324
5350377.09,0.5609,0.6671,0.8557,0.3109
5350308.05,0.5859,0.7513,0.8012,0.4769
5350308.06,0.4251,0.2952,0.5442,0.4685
5350308.07,0.4966,0.3995,0.3823,0.277
5350210.03,0.8287,0.6081,0.5516,0.3525
5350210.04,0.5084,0.4059,0.8262,0.4014
5350062.03,0.4885,0.527,0.4699,0.4237
5350062.04,0.5006,0.5605,0.1869,0.6079
5350017.01,0.4364,0.3188,0.478,0.3558
5350017.02,0.3929,0.4955,0.4942,0.5353
5350805.22,0.5217,0.4189,0.1857,0.186
5350805.23,0.3789,0.201,0.5964,0.2643
5350805.24,0.4509,0.2419,0.6512,0.0396
5350805.25,0.3219,0.3026,0.922,0.3827
5350805.26,0.5016,0.5871,0.2835,0.4571
5350805.27,0.5968,0.593,0.6961,0.01
5350593.01,0.4376,0.555,0.7434,0.3882
5350593.02,0.0783,0.4992,0.6539,0.4506
5350593.03,0.5981,0.4943,0.3486,0.4421
5350593.04,0.504,0.47,0.337,0.1806
5370140.05,0.6633,0.4973,0.3049,0.2973
5370140.06,0.4944,0.5762,0.3663,0.6738
5370002.07,0.8634,0.4778,0.5037,0.3914
5370002.08,0.7024,0.6773,0.4546,0.3991
5370101.03,0.7608,0.4749,0.412,0.7448
5370101.04,0.6582,0.3988,0.2777,0.3311
5370100.03,0.7458,0.7348,0.2662,0.7444
5370100.04,0.7301,0.9013,0.3278,0.5723
5370100.05,0.3973,0.3564,0.5121,0.1874
5370100.06,0.7095,0.6536,0.5525,0.8502
5370086.01,0.81,0.1809,0.5794,0.6183
5370086.02,0.8972,0.2756,0.4197,0.6367
5370123.01,0.7199,0.4705,0.4967,0.7716
5370123.02,0.3883,0.8497,0.3863,0.8798
5370140.07,0.4253,0.4287,0.0715,0.5942
5370140.08,0.5156,0.4205,0.3768,0.6858
5370301.01,0.6655,0.6079,0.3449,0.6317
5370301.02,0.5907,0.6082,0.2122,0.4746
5370303.03,0.3503,0.4273,0.3065,0.2016
5370303.04,0.3489,0.99,0.447,0.5973
